Data,PM2.5,PM10,SO2,NO2,CO,O3,TEMP
2020-03-01,7.0,11.0,12.0,23.0,429.0,64.0,1.0
2020-03-02,31.0,42.0,37.0,67.0,825.0,30.0,1.0
2020-03-03,77.0,121.0,61.0,81.0,1621.0,19.0,6.0
2020-03-04,23.0,45.0,23.0,46.0,606.0,54.0,10.0
2020-03-05,149.0,184.0,94.0,133.0,2358.0,68.0,6.0
2020-03-06,223.0,265.0,116.0,142.0,3085.0,20.0,7.0
2020-03-07,263.0,316.0,98.0,148.0,3633.0,39.0,9.0
2020-03-08,221.0,298.0,69.0,120.0,2689.0,79.0,10.0
2020-03-09,62.0,228.0,33.0,45.0,1179.0,74.0,7.0
2020-03-10,34.0,69.0,23.0,50.0,708.0,83.0,5.0
2020-03-11,124.0,178.0,87.0,91.0,1671.0,75.0,6.0
2020-03-12,123.0,117.0,28.0,73.0,1635.0,37.0,5.0
2020-03-13,16.0,19.0,16.0,36.0,504.0,72.0,5.0
2020-03-14,95.0,107.0,52.0,70.0,1337.0,69.0,4.0
2020-03-15,212.0,251.0,76.0,99.0,2116.0,44.0,6.0
2020-03-16,245.0,258.0,70.0,90.0,2175.0,67.0,10.0
2020-03-17,285.0,310.0,74.0,114.0,2558.0,97.0,10.0
2020-03-18,71.0,118.0,20.0,46.0,867.0,89.0,8.0
2020-03-19,41.0,49.0,16.0,49.0,785.0,20.0,2.0
2020-03-20,49.0,48.0,12.0,42.0,921.0,32.0,2.0
2020-03-21,149.0,162.0,22.0,86.0,1454.0,12.0,4.0
2020-03-22,90.0,145.0,26.0,70.0,979.0,34.0,6.0
2020-03-23,53.0,89.0,30.0,58.0,1312.0,28.0,5.0
2020-03-24,19.0,38.0,12.0,36.0,1300.0,54.0,5.0
2020-03-25,102.0,143.0,52.0,87.0,1267.0,28.0,5.0
2020-03-26,187.0,251.0,75.0,106.0,1741.0,12.0,7.0
2020-03-27,92.0,123.0,24.0,43.0,850.0,42.0,11.0
2020-03-28,28.0,55.0,13.0,40.0,596.0,58.0,8.0
2020-03-29,88.0,140.0,47.0,88.0,1608.0,17.0,6.0
2020-03-30,80.0,111.0,62.0,68.0,1666.0,34.0,6.0
2020-03-31,174.0,194.0,15.0,73.0,1333.0,3.0,6.0
2020-04-01,95.0,113.0,17.0,39.0,1208.0,51.0,10.0
2020-04-02,100.0,141.0,40.0,69.0,1317.0,53.0,10.0
2020-04-03,124.0,205.0,51.0,88.0,1454.0,46.0,12.0
2020-04-04,67.0,111.0,62.0,85.0,2270.0,19.0,8.0
2020-04-05,55.0,50.0,12.0,41.0,1179.0,37.0,9.0
2020-04-06,11.0,23.0,8.0,27.0,458.0,59.0,9.0
2020-04-07,79.0,127.0,42.0,72.0,1254.0,33.0,9.0
2020-04-08,26.0,124.0,8.0,21.0,450.0,68.0,9.0
2020-04-09,12.0,29.0,6.0,14.0,408.0,76.0,8.0
2020-04-10,13.0,30.0,7.0,32.0,500.0,57.0,8.0
2020-04-11,23.0,64.0,11.0,62.0,727.0,40.0,10.0
2020-04-12,54.0,135.0,23.0,88.0,804.0,26.0,15.0
2020-04-13,62.0,137.0,27.0,54.0,754.0,41.0,17.0
2020-04-14,35.0,109.0,14.0,42.0,638.0,59.0,12.0
2020-04-15,75.0,182.0,51.0,74.0,1400.0,45.0,13.0
2020-04-16,57.0,161.0,33.0,49.0,979.0,61.0,15.0
2020-04-17,48.0,90.0,21.0,53.0,683.0,57.0,12.0
2020-04-18,11.0,42.0,4.0,29.0,352.0,67.0,11.0
2020-04-19,50.0,87.0,21.0,56.0,758.0,36.0,6.0
2020-04-20,70.0,84.0,11.0,55.0,692.0,46.0,9.0
2020-04-21,127.0,160.0,29.0,71.0,996.0,19.0,12.0
2020-04-22,173.0,183.0,47.0,67.0,1169.0,31.0,12.0
2020-04-23,184.0,192.0,28.0,62.0,1196.0,16.0,12.0
2020-04-24,89.0,117.0,15.0,40.0,887.0,37.0,15.0
2020-04-25,12.0,39.0,6.0,39.0,425.0,50.0,15.0
2020-04-26,65.0,150.0,36.0,79.0,1042.0,43.0,16.0
2020-04-27,64.0,128.0,47.0,69.0,948.0,74.0,18.0
2020-04-28,72.0,119.0,55.0,60.0,1616.0,74.0,16.0
2020-04-29,15.0,62.0,7.0,24.0,356.0,80.0,20.0
2020-04-30,18.0,54.0,8.0,44.0,379.0,65.0,21.0
2020-05-01,35.0,91.0,20.0,48.0,565.0,69.0,17.0
2020-05-02,81.0,127.0,44.0,64.0,1000.0,92.0,19.0
2020-05-03,85.0,76.0,27.0,30.0,671.0,105.0,18.0
2020-05-04,102.0,121.0,30.0,37.0,638.0,93.0,19.0
2020-05-05,197.0,242.0,48.0,72.0,1367.0,78.0,21.0
2020-05-06,221.0,254.0,35.0,50.0,1406.0,111.0,23.0
2020-05-07,179.0,231.0,52.0,86.0,1404.0,92.0,23.0
2020-05-08,130.0,160.0,73.0,65.0,1398.0,75.0,20.0
2020-05-09,52.0,68.0,22.0,63.0,498.0,44.0,18.0
2020-05-10,51.0,99.0,17.0,60.0,546.0,57.0,21.0
2020-05-11,43.0,133.0,21.0,71.0,523.0,44.0,23.0
2020-05-12,36.0,106.0,23.0,63.0,521.0,58.0,22.0
2020-05-13,86.0,182.0,70.0,88.0,1596.0,69.0,21.0
2020-05-14,49.0,121.0,21.0,50.0,687.0,80.0,23.0
2020-05-15,63.0,161.0,65.0,66.0,1383.0,96.0,22.0
2020-05-16,133.0,118.0,34.0,61.0,860.0,88.0,21.0
2020-05-17,105.0,139.0,34.0,53.0,1233.0,89.0,21.0
2020-05-18,120.0,155.0,21.0,53.0,1104.0,69.0,21.0
2020-05-19,56.0,172.0,11.0,26.0,512.0,58.0,21.0
2020-05-20,39.0,145.0,21.0,50.0,399.0,72.0,21.0
2020-05-21,97.0,239.0,45.0,79.0,771.0,95.0,22.0
2020-05-22,60.0,142.0,43.0,76.0,1297.0,83.0,22.0
2020-05-23,62.0,139.0,36.0,96.0,1752.0,72.0,23.0
2020-05-24,104.0,177.0,21.0,75.0,1462.0,57.0,24.0
2020-05-25,60.0,121.0,31.0,62.0,879.0,87.0,24.0
2020-05-26,97.0,119.0,12.0,56.0,1366.0,19.0,21.0
2020-05-27,67.0,83.0,7.0,54.0,788.0,32.0,19.0
2020-05-28,70.0,87.0,3.0,70.0,929.0,18.0,20.0
2020-05-29,15.0,58.0,5.0,32.0,275.0,77.0,24.0
2020-05-30,55.0,139.0,21.0,82.0,631.0,98.0,25.0
2020-05-31,95.0,158.0,32.0,53.0,819.0,128.0,24.0
2020-06-01,70.0,123.0,9.0,61.0,571.0,78.0,25.0
2020-06-02,154.0,184.0,15.0,68.0,1546.0,72.0,22.0
2020-06-03,118.0,156.0,15.0,79.0,1267.0,111.0,25.0
2020-06-04,123.0,167.0,13.0,89.0,1671.0,60.0,21.0
2020-06-05,123.0,118.0,3.0,56.0,1537.0,22.0,19.0
2020-06-06,127.0,137.0,4.0,59.0,2270.0,11.0,19.0
2020-06-07,122.0,132.0,6.0,68.0,2254.0,6.0,20.0
2020-06-08,170.0,197.0,7.0,81.0,2529.0,8.0,20.0
2020-06-09,48.0,55.0,6.0,66.0,954.0,22.0,18.0
2020-06-10,23.0,36.0,5.0,70.0,538.0,42.0,21.0
2020-06-11,62.0,89.0,6.0,88.0,546.0,59.0,21.0
2020-06-12,60.0,72.0,14.0,69.0,825.0,106.0,21.0
2020-06-13,113.0,139.0,32.0,85.0,1200.0,130.0,24.0
2020-06-14,110.0,160.0,34.0,79.0,804.0,155.0,26.0
2020-06-15,127.0,187.0,38.0,109.0,1346.0,100.0,25.0
2020-06-16,173.0,184.0,37.0,91.0,1808.0,37.0,22.0
2020-06-17,44.0,57.0,8.0,56.0,562.0,86.0,26.0
2020-06-18,48.0,99.0,14.0,91.0,642.0,80.0,27.0
2020-06-19,52.0,85.0,19.0,59.0,735.0,114.0,28.0
2020-06-20,56.0,93.0,20.0,97.0,364.0,55.0,26.0
2020-06-21,51.0,102.0,13.0,81.0,513.0,75.0,25.0
2020-06-22,50.0,64.0,4.0,62.0,750.0,32.0,21.0
2020-06-23,57.0,63.0,9.0,63.0,988.0,103.0,26.0
2020-06-24,110.0,127.0,9.0,60.0,1225.0,117.0,24.0
2020-06-25,118.0,112.0,15.0,61.0,1463.0,34.0,22.0
2020-06-26,152.0,149.0,11.0,60.0,1700.0,102.0,26.0
2020-06-27,85.0,111.0,12.0,69.0,1938.0,111.0,28.0
2020-06-28,318.0,329.0,32.0,76.0,2369.0,61.0,25.0
2020-06-29,102.0,107.0,10.0,61.0,1504.0,40.0,23.0
2020-06-30,222.0,227.0,19.0,71.0,2437.0,29.0,25.0
2020-07-01,175.0,147.0,19.0,73.0,2102.0,7.0,25.0
2020-07-02,14.0,28.0,5.0,44.0,375.0,75.0,29.0
2020-07-03,27.0,80.0,8.0,72.0,504.0,62.0,29.0
2020-07-04,22.0,64.0,7.0,57.0,400.0,68.0,28.0
2020-07-05,20.0,48.0,5.0,46.0,350.0,86.0,29.0
2020-07-06,57.0,135.0,14.0,59.0,767.0,125.0,29.0
2020-07-07,88.0,110.0,9.0,42.0,723.0,129.0,27.0
2020-07-08,98.0,90.0,6.0,55.0,804.0,84.0,25.0
2020-07-09,88.0,75.0,7.0,61.0,821.0,26.0,24.0
2020-07-10,31.0,42.0,4.0,54.0,535.0,18.0,23.0
2020-07-11,34.0,53.0,4.0,58.0,574.0,29.0,24.0
2020-07-12,68.0,84.0,6.0,55.0,714.0,100.0,27.0
2020-07-13,129.0,116.0,9.0,48.0,1096.0,108.0,28.0
2020-07-14,101.0,99.0,16.0,47.0,946.0,86.0,27.0
2020-07-15,48.0,32.0,4.0,53.0,1192.0,7.0,24.0
2020-07-16,23.0,32.0,5.0,41.0,477.0,52.0,27.0
2020-07-17,42.0,83.0,13.0,60.0,600.0,84.0,27.0
2020-07-18,146.0,131.0,16.0,54.0,1429.0,76.0,26.0
2020-07-19,130.0,123.0,10.0,50.0,812.0,96.0,27.0
2020-07-20,80.0,98.0,7.0,50.0,704.0,86.0,28.0
2020-07-21,76.0,106.0,9.0,58.0,767.0,84.0,27.0
2020-07-22,86.0,126.0,16.0,62.0,1067.0,90.0,26.0
2020-07-23,41.0,74.0,8.0,36.0,440.0,103.0,27.0
2020-07-24,36.0,65.0,9.0,50.0,438.0,58.0,29.0
2020-07-25,31.0,81.0,12.0,49.0,590.0,90.0,30.0
2020-07-26,51.0,80.0,28.0,65.0,1521.0,13.0,25.0
2020-07-27,106.0,87.0,6.0,68.0,1292.0,14.0,25.0
2020-07-28,70.0,58.0,7.0,54.0,1144.0,70.0,29.0
2020-07-29,59.0,98.0,5.0,82.0,825.0,48.0,28.0
2020-07-30,115.0,131.0,7.0,60.0,929.0,117.0,29.0
2020-07-31,44.0,66.0,6.0,47.0,502.0,112.0,26.0
2020-08-01,43.0,38.0,3.0,63.0,623.0,43.0,23.0
2020-08-02,70.0,74.0,7.0,59.0,825.0,75.0,26.0
2020-08-03,26.0,52.0,4.0,44.0,340.0,90.0,27.0
2020-08-04,78.0,93.0,6.0,41.0,643.0,114.0,27.0
2020-08-05,45.0,48.0,4.0,48.0,460.0,130.0,27.0
2020-08-06,134.0,172.0,5.0,62.0,849.0,100.0,29.0
2020-08-07,34.0,29.0,5.0,42.0,531.0,56.0,25.0
2020-08-08,28.0,63.0,7.0,58.0,560.0,79.0,27.0
2020-08-09,35.0,78.0,10.0,54.0,503.0,106.0,29.0
2020-08-10,92.0,146.0,10.0,54.0,951.0,137.0,30.0
2020-08-11,147.0,146.0,4.0,51.0,1247.0,60.0,27.0
2020-08-12,49.0,42.0,3.0,40.0,434.0,71.0,27.0
2020-08-13,87.0,93.0,8.0,54.0,821.0,92.0,29.0
2020-08-14,67.0,92.0,6.0,75.0,708.0,96.0,29.0
2020-08-15,121.0,139.0,9.0,61.0,1040.0,90.0,30.0
2020-08-16,126.0,153.0,8.0,67.0,1325.0,40.0,29.0
2020-08-17,44.0,67.0,12.0,48.0,558.0,52.0,31.0
2020-08-18,13.0,34.0,6.0,39.0,427.0,74.0,29.0
2020-08-19,21.0,50.0,6.0,60.0,506.0,65.0,28.0
2020-08-20,93.0,146.0,14.0,68.0,1221.0,88.0,26.0
2020-08-21,107.0,88.0,8.0,55.0,1019.0,60.0,26.0
2020-08-22,117.0,149.0,5.0,103.0,1169.0,17.0,24.0
2020-08-23,58.0,85.0,7.0,69.0,850.0,42.0,27.0
2020-08-24,34.0,82.0,7.0,73.0,665.0,56.0,27.0
2020-08-25,37.0,90.0,8.0,67.0,592.0,100.0,27.0
2020-08-26,52.0,106.0,12.0,64.0,796.0,92.0,28.0
2020-08-27,60.0,85.0,12.0,65.0,1315.0,27.0,24.0
2020-08-28,61.0,56.0,6.0,55.0,1808.0,19.0,24.0
2020-08-29,28.0,49.0,4.0,29.0,650.0,32.0,25.0
2020-08-30,9.0,25.0,2.0,32.0,267.0,38.0,22.0
2020-08-31,16.0,47.0,6.0,44.0,383.0,36.0,23.0
2020-09-01,42.0,91.0,11.0,50.0,858.0,73.0,23.0
2020-09-02,48.0,76.0,11.0,51.0,812.0,79.0,23.0
2020-09-03,94.0,132.0,11.0,56.0,1033.0,85.0,23.0
2020-09-04,70.0,66.0,5.0,52.0,917.0,48.0,20.0
2020-09-05,20.0,24.0,6.0,38.0,488.0,51.0,21.0
2020-09-06,64.0,68.0,14.0,53.0,1350.0,52.0,21.0
2020-09-07,72.0,88.0,11.0,65.0,1296.0,54.0,22.0
2020-09-08,86.0,118.0,20.0,65.0,1358.0,43.0,21.0
2020-09-09,75.0,81.0,11.0,54.0,804.0,59.0,22.0
2020-09-10,53.0,72.0,11.0,58.0,658.0,35.0,22.0
2020-09-11,58.0,107.0,16.0,64.0,729.0,63.0,22.0
2020-09-12,149.0,198.0,25.0,112.0,1538.0,35.0,21.0
2020-09-13,84.0,99.0,4.0,64.0,1071.0,14.0,19.0
2020-09-14,51.0,65.0,6.0,53.0,900.0,25.0,23.0
2020-09-15,21.0,64.0,11.0,56.0,442.0,25.0,20.0
2020-09-16,47.0,103.0,19.0,66.0,1012.0,24.0,21.0
2020-09-17,83.0,120.0,17.0,76.0,1871.0,1.0,20.0
2020-09-18,105.0,102.0,18.0,62.0,2246.0,18.0,21.0
2020-09-19,106.0,104.0,18.0,55.0,1721.0,34.0,22.0
2020-09-20,52.0,75.0,5.0,54.0,700.0,28.0,22.0
2020-09-21,39.0,76.0,9.0,53.0,479.0,57.0,23.0
2020-09-22,77.0,128.0,11.0,86.0,1208.0,5.0,20.0
2020-09-23,39.0,60.0,10.0,41.0,950.0,11.0,15.0
2020-09-24,10.0,24.0,7.0,40.0,408.0,21.0,15.0
2020-09-25,12.0,42.0,6.0,50.0,358.0,27.0,16.0
2020-09-26,42.0,94.0,16.0,73.0,758.0,24.0,16.0
2020-09-27,162.0,211.0,34.0,103.0,1662.0,52.0,17.0
2020-09-28,241.0,261.0,22.0,86.0,1379.0,48.0,16.0
2020-09-29,225.0,232.0,19.0,98.0,1446.0,13.0,17.0
2020-09-30,154.0,164.0,29.0,92.0,1479.0,14.0,18.0
2020-10-01,76.0,86.0,10.0,61.0,1029.0,18.0,17.0
2020-10-02,16.0,30.0,6.0,39.0,304.0,40.0,17.0
2020-10-03,57.0,92.0,31.0,63.0,1167.0,29.0,15.0
2020-10-04,139.0,171.0,47.0,92.0,2121.0,31.0,17.0
2020-10-05,281.0,300.0,30.0,113.0,2267.0,32.0,17.0
2020-10-06,226.0,236.0,45.0,99.0,2333.0,13.0,16.0
2020-10-07,78.0,93.0,44.0,60.0,908.0,25.0,19.0
2020-10-08,58.0,87.0,31.0,57.0,642.0,37.0,17.0
2020-10-09,142.0,184.0,45.0,95.0,1488.0,10.0,15.0
2020-10-10,76.0,105.0,46.0,41.0,662.0,26.0,17.0
2020-10-11,48.0,96.0,35.0,73.0,775.0,28.0,14.0
2020-10-12,65.0,86.0,5.0,82.0,821.0,16.0,16.0
2020-10-13,47.0,56.0,7.0,64.0,742.0,13.0,15.0
2020-10-14,31.0,38.0,3.0,48.0,542.0,11.0,12.0
2020-10-15,16.0,26.0,5.0,50.0,392.0,19.0,10.0
2020-10-16,50.0,82.0,8.0,68.0,746.0,14.0,11.0
2020-10-17,133.0,170.0,22.0,95.0,1288.0,12.0,11.0
2020-10-18,226.0,254.0,41.0,126.0,2150.0,4.0,11.0
2020-10-19,68.0,66.0,16.0,48.0,721.0,22.0,13.0
2020-10-20,25.0,48.0,8.0,56.0,485.0,14.0,11.0
2020-10-21,84.0,128.0,18.0,87.0,1000.0,16.0,11.0
2020-10-22,133.0,170.0,28.0,94.0,996.0,30.0,11.0
2020-10-23,26.0,67.0,8.0,44.0,425.0,21.0,9.0
2020-10-24,19.0,41.0,4.0,26.0,362.0,48.0,10.0
2020-10-25,41.0,63.0,10.0,58.0,650.0,34.0,9.0
2020-10-26,60.0,91.0,16.0,72.0,771.0,19.0,9.0
2020-10-27,185.0,226.0,36.0,122.0,1950.0,3.0,9.0
2020-10-28,284.0,302.0,48.0,118.0,2875.0,15.0,10.0
2020-10-29,37.0,49.0,14.0,46.0,708.0,26.0,10.0
2020-10-30,82.0,110.0,14.0,78.0,1100.0,11.0,8.0
2020-10-31,146.0,170.0,14.0,105.0,1662.0,7.0,8.0
2020-11-01,184.0,201.0,22.0,106.0,1758.0,4.0,8.0
2020-11-02,228.0,232.0,17.0,112.0,2042.0,9.0,8.0
2020-11-03,50.0,54.0,7.0,43.0,692.0,31.0,11.0
2020-11-04,37.0,61.0,13.0,59.0,675.0,17.0,9.0
2020-11-05,166.0,222.0,34.0,100.0,2117.0,2.0,9.0
2020-11-06,107.0,144.0,14.0,58.0,2429.0,28.0,10.0
2020-11-07,31.0,65.0,13.0,48.0,1919.0,17.0,8.0
2020-11-08,130.0,173.0,55.0,91.0,2346.0,6.0,6.0
2020-11-09,96.0,125.0,52.0,67.0,1721.0,19.0,9.0
2020-11-10,18.0,42.0,10.0,27.0,504.0,40.0,5.0
2020-11-11,34.0,55.0,19.0,47.0,642.0,19.0,7.0
2020-11-12,61.0,85.0,23.0,60.0,1225.0,19.0,7.0
2020-11-13,166.0,191.0,61.0,99.0,3038.0,9.0,6.0
2020-11-14,65.0,102.0,24.0,57.0,1346.0,30.0,8.0
2020-11-15,93.0,168.0,33.0,91.0,2096.0,7.0,6.0
2020-11-16,45.0,91.0,16.0,34.0,894.0,40.0,8.0
2020-11-17,10.0,20.0,10.0,27.0,483.0,35.0,5.0
2020-11-18,9.0,14.0,9.0,23.0,360.0,32.0,3.0
2020-11-19,32.0,51.0,16.0,40.0,708.0,12.0,2.0
2020-11-20,71.0,100.0,34.0,64.0,1933.0,10.0,3.0
2020-11-21,105.0,127.0,46.0,77.0,2304.0,4.0,4.0
2020-11-22,142.0,157.0,58.0,92.0,2379.0,4.0,3.0
2020-11-23,198.0,218.0,68.0,112.0,3454.0,3.0,5.0
2020-11-24,93.0,170.0,31.0,52.0,1738.0,15.0,8.0
2020-11-25,13.0,26.0,11.0,27.0,529.0,23.0,3.0
2020-11-26,17.0,50.0,12.0,24.0,708.0,34.0,2.0
2020-11-27,8.0,39.0,4.0,10.0,350.0,45.0,-2.0
2020-11-28,19.0,39.0,11.0,30.0,688.0,28.0,0.0
2020-11-29,56.0,92.0,27.0,74.0,1669.0,6.0,2.0
2020-11-30,35.0,57.0,30.0,48.0,1029.0,16.0,5.0
2020-12-01,66.0,96.0,36.0,74.0,1500.0,5.0,2.0
2020-12-02,109.0,134.0,59.0,84.0,2683.0,1.0,2.0
2020-12-03,74.0,103.0,44.0,62.0,1875.0,14.0,4.0
2020-12-04,86.0,108.0,43.0,71.0,2154.0,6.0,4.0
2020-12-05,38.0,57.0,29.0,44.0,1175.0,18.0,6.0
2020-12-06,120.0,154.0,52.0,79.0,2575.0,2.0,2.0
2020-12-07,265.0,276.0,83.0,104.0,4990.0,1.0,2.0
2020-12-08,199.0,197.0,66.0,76.0,3600.0,16.0,5.0
2020-12-09,10.0,13.0,11.0,25.0,500.0,32.0,2.0
2020-12-10,19.0,40.0,16.0,33.0,760.0,21.0,1.0
2020-12-11,22.0,34.0,15.0,41.0,746.0,19.0,1.0
2020-12-12,17.0,28.0,14.0,31.0,740.0,24.0,-2.0
2020-12-13,47.0,65.0,30.0,50.0,1276.0,8.0,-3.0
2020-12-14,56.0,72.0,37.0,57.0,1732.0,10.0,-2.0
2020-12-15,46.0,59.0,31.0,54.0,1551.0,13.0,-1.0
2020-12-16,126.0,145.0,73.0,79.0,1358.0,5.0,-1.0
2020-12-17,72.0,73.0,44.0,51.0,1166.0,17.0,-0.0
2020-12-18,33.0,56.0,24.0,39.0,973.0,23.0,-4.0
2020-12-19,33.0,61.0,27.0,50.0,1007.0,13.0,-4.0
2020-12-20,35.0,61.0,37.0,60.0,1142.0,13.0,-3.0
2020-12-21,58.0,80.0,44.0,69.0,1221.0,13.0,-4.0
2020-12-22,125.0,161.0,69.0,95.0,2604.0,5.0,-3.0
2020-12-23,130.0,183.0,76.0,98.0,3029.0,8.0,-3.0
2020-12-24,220.0,269.0,119.0,124.0,5242.0,2.0,-2.0
2020-12-25,181.0,254.0,88.0,100.0,4000.0,19.0,-2.0
2020-12-26,10.0,26.0,10.0,19.0,458.0,46.0,-3.0
2020-12-27,23.0,36.0,22.0,42.0,849.0,21.0,-2.0
2020-12-28,14.0,23.0,25.0,28.0,938.0,30.0,-2.0
2020-12-29,55.0,111.0,28.0,89.0,1688.0,6.0,-2.0
2020-12-30,34.0,97.0,34.0,49.0,938.0,25.0,3.0
2020-12-31,56.0,234.0,27.0,53.0,1133.0,29.0,4.0
2021-01-01,49.0,169.0,27.0,70.0,1406.0,19.0,3.0
2021-01-02,152.0,192.0,91.0,94.0,3438.0,1.0,2.0
2021-01-03,50.0,115.0,34.0,48.0,1083.0,25.0,4.0
2021-01-04,122.0,158.0,55.0,79.0,2304.0,1.0,-1.0
2021-01-05,90.0,117.0,42.0,71.0,1850.0,11.0,0.0
2021-01-06,125.0,132.0,60.0,67.0,2033.0,3.0,-1.0
2021-01-07,105.0,99.0,45.0,61.0,1671.0,13.0,2.0
2021-01-08,15.0,16.0,16.0,21.0,567.0,34.0,-2.0
2021-01-09,36.0,43.0,24.0,39.0,804.0,23.0,-3.0
2021-01-10,61.0,89.0,58.0,76.0,1642.0,3.0,-3.0
2021-01-11,109.0,155.0,77.0,99.0,2700.0,1.0,-2.0
2021-01-12,21.0,41.0,23.0,35.0,683.0,30.0,-1.0
2021-01-13,79.0,109.0,73.0,82.0,1925.0,4.0,-4.0
2021-01-14,88.0,104.0,82.0,81.0,2367.0,4.0,-3.0
2021-01-15,153.0,184.0,89.0,97.0,2671.0,5.0,-2.0
2021-01-16,358.0,397.0,134.0,134.0,4942.0,4.0,0.0
2021-01-17,124.0,134.0,65.0,66.0,2179.0,14.0,-0.0
2021-01-18,60.0,85.0,45.0,68.0,1417.0,11.0,-0.0
2021-01-19,110.0,206.0,78.0,72.0,2604.0,14.0,1.0
2021-01-20,9.0,38.0,8.0,7.0,442.0,50.0,-0.0
2021-01-21,39.0,60.0,34.0,40.0,876.0,26.0,-2.0
2021-01-22,120.0,145.0,80.0,94.0,2438.0,4.0,-2.0
2021-01-23,221.0,253.0,135.0,127.0,4262.0,1.0,-1.0
2021-01-24,151.0,169.0,89.0,92.0,2725.0,6.0,2.0
2021-01-25,25.0,47.0,27.0,38.0,717.0,35.0,4.0
2021-01-26,45.0,72.0,44.0,38.0,762.0,34.0,-0.0
2021-01-27,87.0,112.0,63.0,61.0,1679.0,20.0,2.0
2021-01-28,39.0,70.0,24.0,42.0,854.0,37.0,1.0
2021-01-29,120.0,138.0,79.0,79.0,2292.0,3.0,-1.0
2021-01-30,61.0,78.0,39.0,41.0,1100.0,38.0,3.0
2021-01-31,132.0,162.0,67.0,50.0,1329.0,15.0,1.0
2021-02-01,130.0,128.0,57.0,60.0,1796.0,2.0,3.0
2021-02-02,64.0,90.0,17.0,28.0,1133.0,40.0,4.0
2021-02-03,6.0,30.0,6.0,8.0,354.0,67.0,-1.0
2021-02-04,25.0,36.0,19.0,22.0,583.0,52.0,-3.0
2021-02-05,88.0,101.0,56.0,47.0,1504.0,20.0,-3.0
2021-02-06,120.0,118.0,69.0,65.0,2000.0,11.0,-1.0
2021-02-07,84.0,60.0,33.0,53.0,1283.0,13.0,-3.0
2021-02-08,53.0,38.0,19.0,31.0,1042.0,37.0,-2.0
2021-02-09,9.0,10.0,16.0,16.0,458.0,54.0,-5.0
2021-02-10,20.0,20.0,19.0,33.0,654.0,43.0,-6.0
2021-02-11,100.0,98.0,61.0,71.0,2000.0,10.0,-5.0
2021-02-12,120.0,110.0,51.0,75.0,2346.0,7.0,-2.0
2021-02-13,184.0,174.0,71.0,80.0,2812.0,1.0,-3.0
2021-02-14,244.0,255.0,75.0,97.0,3148.0,5.0,-2.0
2021-02-15,402.0,400.0,100.0,111.0,3767.0,6.0,-1.0
2021-02-16,321.0,292.0,84.0,89.0,3350.0,19.0,2.0
2021-02-17,81.0,78.0,63.0,64.0,1800.0,26.0,2.0
2021-02-18,65.0,74.0,33.0,58.0,1077.0,25.0,-1.0
2021-02-19,63.0,73.0,37.0,53.0,1221.0,26.0,1.0
2021-02-20,211.0,226.0,39.0,81.0,2262.0,3.0,-1.0
2021-02-21,248.0,271.0,76.0,99.0,2562.0,6.0,1.0
2021-02-22,261.0,304.0,111.0,105.0,3612.0,4.0,3.0
2021-02-23,197.0,230.0,130.0,85.0,3442.0,3.0,3.0
2021-02-24,242.0,306.0,137.0,119.0,4438.0,3.0,3.0
2021-02-25,382.0,398.0,84.0,124.0,5133.0,4.0,4.0
2021-02-26,363.0,345.0,95.0,123.0,4265.0,8.0,5.0
2021-02-27,16.0,10.0,12.0,24.0,462.0,56.0,4.0
2021-02-28,89.0,101.0,34.0,74.0,1438.0,8.0,2.0
2021-03-01,81.0,96.0,39.0,58.0,1488.0,36.0,6.0
2021-03-02,137.0,166.0,70.0,91.0,2583.0,14.0,4.0
2021-03-03,224.0,254.0,115.0,98.0,4479.0,2.0,2.0
2021-03-04,60.0,70.0,30.0,40.0,1196.0,45.0,5.0
2021-03-05,21.0,36.0,15.0,46.0,633.0,36.0,2.0
2021-03-06,14.0,26.0,12.0,31.0,521.0,52.0,4.0
2021-03-07,52.0,78.0,26.0,58.0,1083.0,23.0,4.0
2021-03-08,147.0,175.0,74.0,97.0,2392.0,9.0,4.0
2021-03-09,97.0,118.0,45.0,75.0,1492.0,22.0,4.0
2021-03-10,81.0,102.0,54.0,77.0,1679.0,12.0,4.0
2021-03-11,156.0,196.0,86.0,88.0,2404.0,31.0,8.0
2021-03-12,10.0,20.0,9.0,22.0,421.0,63.0,8.0
2021-03-13,23.0,86.0,14.0,42.0,608.0,41.0,7.0
2021-03-14,22.0,87.0,13.0,32.0,496.0,56.0,11.0
2021-03-15,102.0,200.0,47.0,99.0,1538.0,15.0,12.0
2021-03-16,114.0,213.0,77.0,72.0,2075.0,43.0,12.0
2021-03-17,85.0,255.0,28.0,56.0,1121.0,39.0,13.0
2021-03-18,38.0,136.0,15.0,44.0,579.0,56.0,12.0
2021-03-19,53.0,113.0,17.0,53.0,821.0,37.0,9.0
2021-03-20,12.0,30.0,5.0,23.0,362.0,61.0,12.0
2021-03-21,28.0,80.0,13.0,53.0,596.0,43.0,13.0
2021-03-22,58.0,151.0,18.0,68.0,929.0,37.0,14.0
2021-03-23,132.0,187.0,42.0,87.0,1429.0,61.0,13.0
2021-03-24,230.0,269.0,55.0,115.0,1921.0,40.0,13.0
2021-03-25,215.0,255.0,45.0,114.0,1617.0,57.0,15.0
2021-03-26,288.0,346.0,51.0,125.0,1992.0,45.0,16.0
2021-03-27,246.0,293.0,40.0,106.0,2258.0,3.0,14.0
2021-03-28,123.0,160.0,25.0,65.0,1471.0,35.0,16.0
2021-03-29,41.0,67.0,10.0,37.0,508.0,58.0,17.0
2021-03-30,36.0,93.0,11.0,69.0,538.0,39.0,18.0
2021-03-31,144.0,194.0,36.0,89.0,1750.0,38.0,16.0
2021-04-01,116.0,119.0,20.0,76.0,962.0,55.0,17.0
2021-04-02,102.0,166.0,27.0,67.0,871.0,69.0,17.0
2021-04-03,26.0,100.0,7.0,43.0,450.0,49.0,14.0
2021-04-04,33.0,144.0,9.0,45.0,579.0,47.0,15.0
2021-04-05,26.0,102.0,7.0,39.0,446.0,60.0,13.0
2021-04-06,61.0,181.0,13.0,66.0,662.0,48.0,15.0
2021-04-07,99.0,205.0,23.0,83.0,762.0,59.0,16.0
2021-04-08,180.0,260.0,42.0,98.0,1488.0,74.0,18.0
2021-04-09,124.0,253.0,23.0,64.0,871.0,64.0,21.0
2021-04-10,108.0,391.0,33.0,58.0,1258.0,38.0,16.0
2021-04-11,72.0,116.0,22.0,71.0,962.0,45.0,15.0
2021-04-12,109.0,155.0,28.0,88.0,1442.0,45.0,15.0
2021-04-13,171.0,216.0,29.0,88.0,1258.0,71.0,16.0
2021-04-14,240.0,268.0,36.0,89.0,1842.0,73.0,19.0
2021-04-15,90.0,160.0,17.0,63.0,775.0,34.0,17.0
2021-04-16,64.0,126.0,14.0,82.0,767.0,26.0,16.0
2021-04-17,98.0,160.0,25.0,82.0,1254.0,45.0,14.0
2021-04-18,133.0,155.0,18.0,73.0,1317.0,49.0,16.0
2021-04-19,62.0,112.0,17.0,83.0,750.0,36.0,13.0
2021-04-20,67.0,102.0,10.0,72.0,692.0,42.0,15.0
2021-04-21,58.0,118.0,9.0,69.0,538.0,47.0,17.0
2021-04-22,70.0,145.0,12.0,75.0,571.0,60.0,18.0
2021-04-23,135.0,193.0,27.0,49.0,879.0,83.0,19.0
2021-04-24,118.0,146.0,20.0,48.0,717.0,87.0,19.0
2021-04-25,144.0,215.0,21.0,93.0,1062.0,57.0,19.0
2021-04-26,95.0,108.0,4.0,23.0,336.0,61.0,17.0
2021-04-27,123.0,138.0,13.0,34.0,580.0,70.0,18.0
2021-04-28,122.0,155.0,23.0,59.0,802.0,46.0,19.0
2021-04-29,116.0,156.0,27.0,65.0,916.0,85.0,20.0
2021-04-30,120.0,177.0,22.0,78.0,842.0,91.0,21.0
2021-05-01,126.0,199.0,19.0,54.0,708.0,86.0,19.0
2021-05-02,39.0,59.0,3.0,23.0,338.0,71.0,16.0
2021-05-03,59.0,188.0,8.0,47.0,504.0,49.0,15.0
2021-05-04,39.0,58.0,2.0,18.0,379.0,68.0,13.0
2021-05-05,40.0,60.0,4.0,44.0,479.0,54.0,14.0
2021-05-06,95.0,134.0,30.0,66.0,962.0,58.0,16.0
2021-05-07,71.0,130.0,15.0,54.0,1058.0,53.0,19.0
2021-05-08,92.0,143.0,18.0,61.0,992.0,77.0,18.0
2021-05-09,65.0,119.0,34.0,57.0,1212.0,70.0,17.0
2021-05-10,57.0,98.0,31.0,56.0,1167.0,67.0,16.0
2021-05-11,25.0,28.0,4.0,33.0,825.0,64.0,12.0
2021-05-12,38.0,79.0,8.0,52.0,596.0,64.0,21.0
2021-05-13,56.0,130.0,12.0,59.0,604.0,59.0,22.0
2021-05-14,24.0,82.0,5.0,30.0,300.0,61.0,18.0
2021-05-15,73.0,226.0,9.0,70.0,571.0,41.0,20.0
2021-05-16,61.0,151.0,12.0,59.0,571.0,71.0,23.0
2021-05-17,68.0,151.0,25.0,71.0,883.0,90.0,21.0
2021-05-18,104.0,226.0,27.0,65.0,833.0,111.0,23.0
2021-05-19,111.0,182.0,16.0,59.0,833.0,121.0,23.0
2021-05-20,95.0,169.0,11.0,50.0,883.0,103.0,25.0
2021-05-21,113.0,192.0,26.0,63.0,1258.0,113.0,24.0
2021-05-22,151.0,247.0,18.0,76.0,1296.0,94.0,27.0
2021-05-23,85.0,168.0,20.0,55.0,654.0,126.0,27.0
2021-05-24,85.0,118.0,7.0,51.0,858.0,42.0,21.0
2021-05-25,78.0,138.0,2.0,30.0,488.0,57.0,24.0
2021-05-26,29.0,87.0,4.0,66.0,471.0,55.0,25.0
2021-05-27,39.0,109.0,4.0,48.0,342.0,61.0,25.0
2021-05-28,37.0,37.0,9.0,74.0,542.0,83.0,27.0
2021-05-29,56.0,56.0,12.0,97.0,788.0,93.0,29.0
2021-05-30,91.0,148.0,36.0,79.0,1342.0,155.0,29.0
2021-05-31,115.0,248.0,49.0,75.0,2096.0,139.0,27.0
2021-06-01,49.0,63.0,3.0,32.0,512.0,124.0,23.0
2021-06-02,31.0,44.0,3.0,38.0,421.0,96.0,21.0
2021-06-03,40.0,53.0,7.0,60.0,542.0,95.0,25.0
2021-06-04,58.0,58.0,9.0,72.0,712.0,87.0,25.0
2021-06-05,69.0,69.0,11.0,61.0,671.0,113.0,27.0
2021-06-06,58.0,58.0,10.0,54.0,908.0,48.0,21.0
2021-06-07,12.0,12.0,2.0,34.0,304.0,57.0,23.0
2021-06-08,30.0,30.0,7.0,64.0,612.0,39.0,21.0
2021-06-09,31.0,31.0,6.0,50.0,504.0,66.0,23.0
2021-06-10,77.0,77.0,7.0,55.0,1142.0,72.0,21.0
2021-06-11,46.0,46.0,3.0,41.0,704.0,68.0,24.0
2021-06-12,31.0,31.0,7.0,58.0,471.0,80.0,27.0
2021-06-13,60.0,60.0,8.0,57.0,808.0,90.0,25.0
2021-06-14,42.0,42.0,3.0,46.0,554.0,116.0,26.0
2021-06-15,114.0,114.0,12.0,71.0,1150.0,126.0,26.0
2021-06-16,136.0,136.0,3.0,51.0,850.0,120.0,25.0
2021-06-17,84.0,84.0,2.0,44.0,767.0,103.0,22.0
2021-06-18,62.0,62.0,2.0,44.0,583.0,94.0,24.0
2021-06-19,133.0,133.0,5.0,61.0,1135.0,75.0,24.0
2021-06-20,44.0,44.0,2.0,32.0,746.0,80.0,23.0
2021-06-21,69.0,69.0,4.0,42.0,738.0,79.0,22.0
2021-06-22,32.0,32.0,2.0,42.0,404.0,77.0,22.0
2021-06-23,27.0,27.0,2.0,45.0,367.0,86.0,25.0
2021-06-24,68.0,68.0,6.0,64.0,575.0,109.0,26.0
2021-06-25,102.0,102.0,10.0,61.0,1050.0,77.0,24.0
2021-06-26,123.0,123.0,7.0,41.0,821.0,116.0,27.0
2021-06-27,23.0,23.0,5.0,41.0,254.0,70.0,28.0
2021-06-28,25.0,25.0,9.0,57.0,500.0,64.0,29.0
2021-06-29,47.0,47.0,14.0,57.0,1079.0,105.0,28.0
2021-06-30,77.0,77.0,16.0,66.0,1083.0,136.0,30.0
2021-07-01,109.0,109.0,17.0,55.0,954.0,127.0,28.0
2021-07-02,62.0,62.0,2.0,40.0,833.0,85.0,23.0
2021-07-03,207.0,207.0,3.0,53.0,1162.0,77.0,26.0
2021-07-04,198.0,198.0,2.0,53.0,1179.0,100.0,28.0
2021-07-05,122.0,122.0,3.0,50.0,871.0,98.0,28.0
2021-07-06,209.0,209.0,2.0,45.0,1212.0,124.0,29.0
2021-07-07,164.0,164.0,2.0,52.0,971.0,97.0,29.0
2021-07-08,95.0,95.0,5.0,54.0,792.0,61.0,28.0
2021-07-09,29.0,29.0,5.0,65.0,517.0,44.0,27.0
2021-07-10,31.0,31.0,7.0,48.0,404.0,84.0,30.0
2021-07-11,31.0,31.0,3.0,51.0,417.0,70.0,29.0
2021-07-12,16.0,16.0,3.0,40.0,292.0,72.0,28.0
2021-07-13,20.0,20.0,4.0,55.0,321.0,56.0,28.0
2021-07-14,28.0,28.0,4.0,50.0,438.0,97.0,28.0
2021-07-15,51.0,51.0,4.0,38.0,417.0,126.0,27.0
2021-07-16,113.0,113.0,2.0,59.0,812.0,75.0,25.0
2021-07-17,135.0,135.0,2.0,56.0,1821.0,62.0,25.0
2021-07-18,129.0,129.0,3.0,46.0,1404.0,108.0,29.0
2021-07-19,67.0,67.0,2.0,43.0,412.0,91.0,31.0
2021-07-20,65.0,65.0,3.0,33.0,446.0,104.0,31.0
2021-07-21,26.0,26.0,5.0,29.0,371.0,66.0,30.0
2021-07-22,14.0,14.0,7.0,46.0,454.0,28.0,27.0
2021-07-23,29.0,29.0,5.0,81.0,567.0,32.0,25.0
2021-07-24,72.0,72.0,4.0,85.0,962.0,46.0,26.0
2021-07-25,74.0,74.0,6.0,54.0,1204.0,104.0,28.0
2021-07-26,102.0,102.0,8.0,49.0,1000.0,142.0,29.0
2021-07-27,110.0,110.0,14.0,43.0,775.0,149.0,29.0
2021-07-28,123.0,123.0,8.0,35.0,696.0,132.0,29.0
2021-07-29,118.0,118.0,4.0,30.0,554.0,134.0,29.0
2021-07-30,132.0,132.0,2.0,33.0,1171.0,92.0,26.0
2021-07-31,210.0,210.0,2.0,40.0,1417.0,104.0,28.0
2021-08-01,161.0,161.0,2.0,45.0,1215.0,97.0,28.0
2021-08-02,121.0,121.0,2.0,52.0,812.0,89.0,29.0
2021-08-03,119.0,119.0,2.0,48.0,775.0,109.0,29.0
2021-08-04,38.0,38.0,2.0,51.0,471.0,27.0,24.0
2021-08-05,26.0,26.0,4.0,44.0,338.0,51.0,25.0
2021-08-06,37.0,37.0,3.0,60.0,433.0,52.0,28.0
2021-08-07,78.0,78.0,8.0,61.0,1083.0,108.0,27.0
2021-08-08,68.0,68.0,6.0,54.0,962.0,104.0,27.0
2021-08-09,87.0,87.0,7.0,49.0,892.0,116.0,26.0
2021-08-10,36.0,36.0,2.0,42.0,433.0,100.0,26.0
2021-08-11,24.0,24.0,4.0,46.0,408.0,70.0,28.0
2021-08-12,27.0,27.0,4.0,54.0,475.0,87.0,26.0
2021-08-13,28.0,28.0,2.0,45.0,421.0,49.0,21.0
2021-08-14,31.0,31.0,4.0,52.0,483.0,67.0,23.0
2021-08-15,45.0,45.0,3.0,61.0,508.0,77.0,25.0
2021-08-16,60.0,60.0,4.0,67.0,688.0,106.0,27.0
2021-08-17,55.0,70.0,5.0,40.0,596.0,128.0,26.0
2021-08-18,66.0,93.0,5.0,49.0,683.0,109.0,26.0
2021-08-19,92.0,130.0,4.0,51.0,808.0,120.0,27.0
2021-08-20,108.0,151.0,7.0,52.0,892.0,119.0,27.0
2021-08-21,134.0,172.0,3.0,66.0,1025.0,104.0,27.0
2021-08-22,58.0,85.0,2.0,80.0,783.0,43.0,24.0
2021-08-23,119.0,151.0,3.0,76.0,971.0,102.0,27.0
2021-08-24,19.0,42.0,5.0,36.0,333.0,61.0,26.0
2021-08-25,18.0,40.0,3.0,45.0,369.0,52.0,26.0
2021-08-26,26.0,83.0,7.0,72.0,542.0,50.0,26.0
2021-08-27,52.0,127.0,9.0,73.0,667.0,83.0,26.0
2021-08-28,84.0,138.0,5.0,66.0,788.0,84.0,24.0
2021-08-29,79.0,91.0,2.0,46.0,921.0,105.0,23.0
2021-08-30,144.0,157.0,2.0,79.0,1688.0,31.0,24.0
2021-08-31,70.0,73.0,2.0,39.0,850.0,76.0,23.0
2021-09-01,106.0,107.0,2.0,67.0,1775.0,36.0,22.0
2021-09-02,25.0,26.0,3.0,39.0,904.0,51.0,20.0
2021-09-03,17.0,36.0,7.0,49.0,475.0,19.0,23.0
2021-09-04,45.0,103.0,6.0,82.0,554.0,88.0,25.0
2021-09-05,100.0,162.0,6.0,74.0,1042.0,89.0,25.0
2021-09-06,140.0,158.0,4.0,54.0,1267.0,95.0,25.0
2021-09-07,157.0,195.0,3.0,69.0,1133.0,73.0,25.0
2021-09-08,14.0,35.0,4.0,27.0,275.0,66.0,24.0
2021-09-09,38.0,94.0,5.0,66.0,683.0,66.0,22.0
2021-09-10,73.0,142.0,9.0,84.0,1012.0,68.0,23.0
2021-09-11,89.0,151.0,8.0,86.0,1438.0,45.0,22.0
2021-09-12,72.0,87.0,4.0,72.0,729.0,29.0,21.0
2021-09-13,68.0,117.0,8.0,63.0,742.0,68.0,23.0
2021-09-14,48.0,89.0,3.0,60.0,483.0,23.0,20.0
2021-09-15,20.0,55.0,6.0,43.0,354.0,34.0,21.0
2021-09-16,42.0,109.0,6.0,82.0,500.0,8.0,18.0
2021-09-17,47.0,98.0,4.0,70.0,512.0,19.0,18.0
2021-09-18,70.0,101.0,4.0,78.0,638.0,56.0,20.0
2021-09-19,89.0,145.0,7.0,84.0,800.0,45.0,19.0
2021-09-20,129.0,147.0,5.0,72.0,950.0,68.0,21.0
2021-09-21,106.0,124.0,11.0,66.0,1588.0,50.0,22.0
2021-09-22,99.0,122.0,6.0,77.0,2200.0,9.0,20.0
2021-09-23,49.0,49.0,2.0,53.0,896.0,7.0,18.0
2021-09-24,30.0,39.0,4.0,42.0,729.0,30.0,20.0
2021-09-25,118.0,127.0,6.0,74.0,1292.0,18.0,19.0
2021-09-26,131.0,133.0,9.0,72.0,1400.0,24.0,19.0
2021-09-27,35.0,65.0,4.0,53.0,517.0,38.0,19.0
2021-09-28,58.0,114.0,9.0,84.0,1054.0,15.0,18.0
2021-09-29,56.0,88.0,3.0,53.0,800.0,25.0,19.0
2021-09-30,27.0,63.0,8.0,44.0,575.0,16.0,13.0
2021-10-01,74.0,105.0,8.0,64.0,879.0,2.0,12.0
2021-10-02,61.0,61.0,7.0,55.0,879.0,10.0,14.0
2021-10-03,100.0,111.0,7.0,66.0,1621.0,3.0,15.0
2021-10-04,83.0,83.0,2.0,48.0,992.0,30.0,15.0
2021-10-05,32.0,32.0,2.0,44.0,594.0,28.0,15.0
2021-10-06,34.0,56.0,4.0,58.0,404.0,25.0,14.0
2021-10-07,134.0,187.0,11.0,104.0,1146.0,19.0,14.0
2021-10-08,284.0,288.0,10.0,129.0,1912.0,12.0,15.0
2021-10-09,345.0,354.0,7.0,120.0,2001.0,33.0,16.0
2021-10-10,278.0,339.0,15.0,123.0,1906.0,95.0,17.0
2021-10-11,225.0,225.0,19.0,64.0,1224.0,123.0,17.0
2021-10-12,8.0,8.0,16.0,46.0,737.0,72.0,15.0
2021-10-13,15.0,15.0,9.0,44.0,405.0,30.0,11.0
2021-10-14,51.0,93.0,8.0,70.0,575.0,19.0,12.0
2021-10-15,48.0,107.0,5.0,54.0,533.0,26.0,14.0
2021-10-16,37.0,120.0,11.0,61.0,600.0,25.0,12.0
2021-10-17,107.0,208.0,15.0,131.0,1321.0,12.0,14.0
2021-10-18,184.0,284.0,20.0,165.0,2162.0,28.0,15.0
2021-10-19,280.0,355.0,15.0,158.0,2671.0,22.0,16.0
2021-10-20,213.0,213.0,7.0,91.0,1375.0,23.0,16.0
2021-10-21,42.0,51.0,21.0,72.0,1308.0,10.0,12.0
2021-10-22,85.0,179.0,14.0,97.0,1388.0,2.0,11.0
2021-10-23,133.0,205.0,15.0,112.0,1529.0,6.0,13.0
2021-10-24,243.0,289.0,13.0,126.0,2146.0,15.0,13.0
2021-10-25,333.0,337.0,7.0,119.0,2417.0,27.0,14.0
2021-10-26,83.0,83.0,3.0,51.0,833.0,29.0,14.0
2021-10-27,28.0,50.0,9.0,61.0,683.0,16.0,9.0
2021-10-28,58.0,128.0,13.0,77.0,962.0,10.0,9.0
2021-10-29,118.0,181.0,13.0,113.0,1483.0,7.0,11.0
2021-10-30,164.0,197.0,18.0,118.0,1746.0,12.0,12.0
2021-10-31,161.0,164.0,12.0,111.0,2012.0,6.0,13.0
2021-11-01,48.0,65.0,8.0,59.0,975.0,20.0,12.0
2021-11-02,6.0,18.0,5.0,27.0,308.0,38.0,10.0
2021-11-03,22.0,47.0,4.0,60.0,650.0,22.0,9.0
2021-11-04,115.0,155.0,18.0,92.0,1462.0,11.0,8.0
2021-11-05,65.0,77.0,10.0,52.0,996.0,31.0,12.0
2021-11-06,10.0,21.0,4.0,26.0,383.0,43.0,8.0
2021-11-07,46.0,68.0,13.0,60.0,1140.0,7.0,5.0
2021-11-08,73.0,83.0,12.0,71.0,1488.0,17.0,5.0
2021-11-09,59.0,66.0,5.0,71.0,933.0,16.0,6.0
2021-11-10,73.0,81.0,8.0,86.0,1200.0,8.0,6.0
2021-11-11,40.0,71.0,7.0,35.0,692.0,35.0,9.0
2021-11-12,6.0,37.0,6.0,11.0,321.0,57.0,6.0
2021-11-13,21.0,43.0,6.0,57.0,708.0,19.0,5.0
2021-11-14,35.0,65.0,14.0,68.0,967.0,11.0,5.0
2021-11-15,126.0,176.0,42.0,115.0,2300.0,2.0,5.0
2021-11-16,75.0,101.0,21.0,74.0,1721.0,21.0,7.0
2021-11-17,20.0,34.0,13.0,49.0,612.0,25.0,5.0
2021-11-18,65.0,99.0,26.0,89.0,1444.0,3.0,4.0
2021-11-19,259.0,318.0,49.0,162.0,3762.0,2.0,4.0
2021-11-20,307.0,398.0,36.0,162.0,3825.0,2.0,4.0
2021-11-21,194.0,242.0,21.0,120.0,2842.0,9.0,6.0
2021-11-22,36.0,65.0,15.0,67.0,867.0,18.0,6.0
2021-11-23,121.0,181.0,23.0,108.0,2354.0,2.0,5.0
2021-11-24,81.0,111.0,12.0,86.0,1729.0,9.0,5.0
2021-11-25,153.0,199.0,31.0,105.0,2412.0,5.0,3.0
2021-11-26,253.0,312.0,40.0,146.0,3846.0,2.0,4.0
2021-11-27,84.0,112.0,9.0,66.0,1317.0,16.0,5.0
2021-11-28,86.0,155.0,22.0,89.0,1704.0,7.0,5.0
2021-11-29,245.0,333.0,23.0,110.0,3596.0,2.0,2.0
2021-11-30,91.0,239.0,12.0,46.0,1346.0,32.0,3.0
2021-12-01,13.0,77.0,8.0,17.0,429.0,36.0,-4.0
2021-12-02,38.0,53.0,19.0,56.0,992.0,13.0,-5.0
2021-12-03,22.0,64.0,14.0,28.0,783.0,37.0,-2.0
2021-12-04,7.0,28.0,8.0,18.0,404.0,50.0,-1.0
2021-12-05,29.0,45.0,19.0,45.0,833.0,30.0,-2.0
2021-12-06,60.0,90.0,36.0,76.0,1683.0,9.0,-1.0
2021-12-07,46.0,73.0,30.0,55.0,1425.0,16.0,1.0
2021-12-08,59.0,89.0,31.0,70.0,1212.0,11.0,-1.0
2021-12-09,256.0,324.0,69.0,129.0,5329.0,2.0,-2.0
2021-12-10,124.0,231.0,35.0,65.0,2404.0,30.0,0.0
2021-12-11,21.0,39.0,17.0,35.0,596.0,33.0,-0.0
2021-12-12,10.0,45.0,10.0,19.0,444.0,39.0,0.0
2021-12-13,41.0,118.0,24.0,52.0,956.0,20.0,1.0
2021-12-14,86.0,142.0,55.0,87.0,2038.0,4.0,-0.0
2021-12-15,76.0,139.0,28.0,48.0,1762.0,30.0,-0.0
2021-12-16,9.0,37.0,5.0,16.0,400.0,45.0,-2.0
2021-12-17,55.0,121.0,31.0,54.0,1333.0,11.0,-1.0
2021-12-18,69.0,151.0,34.0,61.0,1600.0,6.0,-2.0
2021-12-19,64.0,144.0,32.0,57.0,1509.0,9.0,1.0
2021-12-20,59.0,136.0,31.0,54.0,1418.0,12.0,-2.0
2021-12-21,55.0,128.0,29.0,50.0,1328.0,16.0,-2.0
2021-12-22,50.0,120.0,27.0,46.0,1237.0,19.0,0.0
2021-12-23,45.0,113.0,25.0,43.0,1146.0,22.0,0.0
2021-12-24,41.0,105.0,24.0,39.0,1056.0,26.0,2.0
2021-12-25,36.0,97.0,22.0,36.0,965.0,29.0,-0.0
2021-12-26,31.0,89.0,20.0,32.0,874.0,32.0,-1.0
2021-12-27,27.0,82.0,18.0,28.0,784.0,36.0,-1.0
2021-12-28,22.0,74.0,17.0,25.0,693.0,39.0,2.0
2021-12-29,17.0,66.0,15.0,21.0,602.0,43.0,2.0
2021-12-30,13.0,59.0,13.0,17.0,511.0,46.0,2.0
2021-12-31,8.0,51.0,11.0,16.0,445.0,47.0,-2.0
2022-01-01,38.0,61.0,22.0,49.0,942.0,24.0,-2.0
2022-01-02,59.0,84.0,34.0,69.0,1338.0,14.0,-1.0
2022-01-03,161.0,196.0,77.0,117.0,3558.0,2.0,-3.0
2022-01-04,190.0,222.0,83.0,128.0,4217.0,4.0,0.0
2022-01-05,101.0,162.0,62.0,68.0,2892.0,27.0,4.0
2022-01-06,29.0,55.0,24.0,38.0,838.0,25.0,-0.0
2022-01-07,53.0,76.0,37.0,66.0,1612.0,7.0,-3.0
2022-01-08,130.0,173.0,54.0,103.0,3321.0,2.0,-2.0
2022-01-09,76.0,98.0,44.0,68.0,1879.0,22.0,2.0
2022-01-10,132.0,166.0,58.0,103.0,2892.0,10.0,1.0
2022-01-11,29.0,46.0,14.0,41.0,812.0,31.0,2.0
2022-01-12,118.0,139.0,44.0,83.0,2504.0,8.0,-2.0
2022-01-13,151.0,197.0,66.0,98.0,3112.0,5.0,-3.0
2022-01-14,202.0,227.0,67.0,114.0,3504.0,2.0,-3.0
2022-01-15,301.0,328.0,42.0,128.0,4825.0,2.0,-3.0
2022-01-16,100.0,114.0,13.0,36.0,2033.0,40.0,0.0
2022-01-17,60.0,68.0,30.0,58.0,1404.0,25.0,-3.0
2022-01-18,64.0,105.0,40.0,53.0,1596.0,31.0,2.0
2022-01-19,37.0,68.0,28.0,62.0,1354.0,21.0,1.0
2022-01-20,79.0,108.0,51.0,80.0,2129.0,8.0,-0.0
2022-01-21,17.0,25.0,20.0,32.0,871.0,38.0,2.0
2022-01-22,99.0,129.0,44.0,85.0,2179.0,11.0,-2.0
2022-01-23,186.0,218.0,68.0,122.0,3650.0,4.0,-1.0
2022-01-24,82.0,98.0,35.0,73.0,1950.0,10.0,-0.0
2022-01-25,107.0,111.0,18.0,53.0,1575.0,10.0,1.0
2022-01-26,84.0,87.0,11.0,34.0,1738.0,32.0,-0.0
2022-01-27,15.0,18.0,16.0,27.0,875.0,39.0,-4.0
2022-01-28,26.0,32.0,17.0,49.0,1150.0,25.0,-2.0
2022-01-29,57.0,65.0,22.0,39.0,1267.0,32.0,0.0
2022-01-30,11.0,30.0,16.0,20.0,617.0,54.0,-2.0
2022-01-31,29.0,46.0,20.0,43.0,821.0,30.0,-2.0
2022-02-01,69.0,91.0,50.0,74.0,1842.0,6.0,-4.0
2022-02-02,131.0,149.0,71.0,99.0,2917.0,12.0,-1.0
2022-02-03,105.0,114.0,39.0,75.0,2179.0,42.0,1.0
2022-02-04,10.0,47.0,14.0,18.0,412.0,78.0,2.0
2022-02-05,22.0,35.0,19.0,44.0,712.0,56.0,2.0
2022-02-06,63.0,84.0,32.0,93.0,1829.0,26.0,1.0
2022-02-07,12.0,35.0,16.0,22.0,512.0,83.0,2.0
2022-02-08,21.0,34.0,18.0,27.0,550.0,72.0,-3.0
2022-02-09,99.0,123.0,49.0,88.0,1888.0,79.0,-2.0
2022-02-10,119.0,157.0,52.0,107.0,2521.0,35.0,2.0
2022-02-11,43.0,71.0,26.0,45.0,1196.0,65.0,5.0
2022-02-12,29.0,42.0,12.0,40.0,692.0,71.0,2.0
2022-02-13,116.0,139.0,36.0,92.0,2221.0,52.0,2.0
2022-02-14,226.0,245.0,64.0,129.0,3396.0,28.0,3.0
2022-02-15,266.0,295.0,86.0,136.0,4746.0,9.0,3.0
2022-02-16,107.0,146.0,38.0,56.0,2288.0,33.0,4.0
2022-02-17,19.0,38.0,10.0,32.0,546.0,46.0,4.0
2022-02-18,41.0,55.0,21.0,38.0,821.0,56.0,4.0
2022-02-19,172.0,216.0,54.0,42.0,1312.0,48.0,2.0
2022-02-20,118.0,118.0,13.0,44.0,1483.0,26.0,1.0
2022-02-21,138.0,254.0,12.0,33.0,1546.0,35.0,1.0
2022-02-22,38.0,318.0,5.0,15.0,358.0,65.0,-1.0
2022-02-23,53.0,124.0,27.0,36.0,767.0,51.0,-0.0
2022-02-24,151.0,236.0,43.0,68.0,2196.0,31.0,1.0
2022-02-25,65.0,97.0,13.0,34.0,962.0,53.0,3.0
2022-02-26,13.0,23.0,7.0,19.0,400.0,63.0,2.0
2022-02-27,21.0,39.0,13.0,34.0,671.0,44.0,-0.0
2022-02-28,119.0,123.0,12.0,45.0,1217.0,23.0,0.0
2022-03-01,30.0,82.0,11.0,40.0,700.0,53.0,5.0
2022-03-02,53.0,106.0,21.0,52.0,1379.0,45.0,6.0
2022-03-03,10.0,69.0,2.0,8.0,275.0,74.0,2.0
2022-03-04,24.0,46.0,13.0,37.0,621.0,57.0,2.0
2022-03-05,117.0,149.0,60.0,71.0,1754.0,42.0,2.0
2022-03-06,201.0,225.0,68.0,93.0,2267.0,36.0,2.0
2022-03-07,236.0,254.0,53.0,95.0,2429.0,44.0,5.0
2022-03-08,125.0,141.0,31.0,58.0,1417.0,49.0,6.0
2022-03-09,10.0,32.0,3.0,13.0,279.0,80.0,1.0
2022-03-10,29.0,45.0,11.0,45.0,667.0,57.0,2.0
2022-03-11,46.0,68.0,20.0,59.0,1033.0,49.0,4.0
2022-03-12,76.0,105.0,28.0,78.0,1562.0,32.0,5.0
2022-03-13,69.0,82.0,26.0,68.0,1329.0,44.0,5.0
2022-03-14,103.0,132.0,44.0,92.0,2021.0,16.0,4.0
2022-03-15,98.0,208.0,23.0,75.0,1629.0,50.0,9.0
2022-03-16,205.0,300.0,35.0,97.0,2083.0,14.0,10.0
2022-03-17,199.0,243.0,18.0,67.0,1829.0,55.0,11.0
2022-03-18,43.0,86.0,12.0,46.0,692.0,67.0,9.0
2022-03-19,89.0,215.0,14.0,84.0,1217.0,40.0,11.0
2022-03-20,44.0,199.0,6.0,54.0,538.0,60.0,14.0
2022-03-21,20.0,102.0,5.0,32.0,408.0,69.0,15.0
2022-03-22,22.0,121.0,4.0,22.0,375.0,76.0,10.0
2022-03-23,37.0,98.0,9.0,51.0,762.0,52.0,10.0
2022-03-24,80.0,135.0,31.0,78.0,2004.0,50.0,9.0
2022-03-25,122.0,174.0,43.0,86.0,1950.0,57.0,11.0
2022-03-26,103.0,173.0,22.0,65.0,1104.0,82.0,14.0
2022-03-27,102.0,157.0,26.0,58.0,1050.0,91.0,15.0
2022-03-28,63.0,284.0,9.0,36.0,571.0,77.0,18.0
2022-03-29,79.0,305.0,18.0,85.0,1179.0,49.0,15.0
2022-03-30,155.0,354.0,28.0,88.0,1658.0,64.0,17.0
2022-03-31,123.0,143.0,15.0,65.0,1960.0,43.0,12.0
2022-04-01,54.0,69.0,4.0,59.0,721.0,46.0,10.0
2022-04-02,34.0,35.0,2.0,29.0,746.0,72.0,9.0
2022-04-03,32.0,41.0,6.0,34.0,621.0,96.0,12.0
2022-04-04,64.0,75.0,8.0,39.0,671.0,115.0,13.0
2022-04-05,56.0,98.0,3.0,39.0,496.0,70.0,13.0
2022-04-06,22.0,33.0,2.0,17.0,246.0,80.0,7.0
2022-04-07,24.0,44.0,5.0,30.0,354.0,69.0,8.0
2022-04-08,99.0,138.0,15.0,60.0,896.0,48.0,9.0
2022-04-09,163.0,188.0,20.0,69.0,1212.0,58.0,11.0
2022-04-10,163.0,178.0,12.0,79.0,1158.0,56.0,14.0
2022-04-11,144.0,158.0,17.0,57.0,1908.0,70.0,14.0
2022-04-12,12.0,37.0,2.0,15.0,267.0,76.0,8.0
2022-04-13,26.0,37.0,3.0,24.0,419.0,98.0,11.0
2022-04-14,58.0,99.0,6.0,76.0,750.0,56.0,16.0
2022-04-15,122.0,338.0,15.0,95.0,1170.0,46.0,17.0
2022-04-16,48.0,149.0,3.0,16.0,392.0,92.0,16.0
2022-04-17,85.0,202.0,21.0,66.0,633.0,61.0,18.0
2022-04-18,145.0,296.0,27.0,110.0,1433.0,49.0,18.0
2022-04-19,67.0,120.0,5.0,49.0,612.0,60.0,17.0
2022-04-20,115.0,146.0,6.0,52.0,854.0,70.0,16.0
2022-04-21,82.0,154.0,8.0,60.0,696.0,66.0,19.0
2022-04-22,52.0,134.0,8.0,61.0,650.0,69.0,19.0
2022-04-23,53.0,120.0,12.0,63.0,658.0,55.0,20.0
2022-04-24,66.0,216.0,8.0,64.0,683.0,78.0,19.0
2022-04-25,74.0,195.0,13.0,86.0,912.0,100.0,22.0
2022-04-26,98.0,211.0,21.0,70.0,1121.0,128.0,24.0
2022-04-27,82.0,154.0,10.0,55.0,938.0,108.0,22.0
2022-04-28,44.0,72.0,4.0,46.0,696.0,95.0,20.0
2022-04-29,120.0,158.0,11.0,62.0,1538.0,106.0,21.0
2022-04-30,112.0,159.0,11.0,56.0,1050.0,127.0,24.0
2022-05-01,132.0,152.0,12.0,64.0,1304.0,57.0,18.0
2022-05-02,44.0,78.0,2.0,39.0,592.0,84.0,19.0
2022-05-03,43.0,109.0,3.0,28.0,500.0,87.0,19.0
2022-05-04,22.0,87.0,5.0,26.0,333.0,99.0,19.0
2022-05-05,51.0,106.0,9.0,50.0,596.0,81.0,20.0
2022-05-06,19.0,80.0,4.0,35.0,350.0,83.0,18.0
2022-05-07,41.0,142.0,8.0,44.0,617.0,90.0,19.0
2022-05-08,46.0,106.0,10.0,48.0,925.0,78.0,18.0
2022-05-09,43.0,53.0,10.0,42.0,975.0,51.0,13.0
2022-05-10,38.0,50.0,7.0,62.0,1271.0,29.0,10.0
2022-05-11,26.0,31.0,2.0,40.0,829.0,50.0,14.0
2022-05-12,24.0,82.0,3.0,51.0,729.0,76.0,19.0
2022-05-13,67.0,156.0,6.0,82.0,827.0,85.0,21.0
2022-05-14,20.0,81.0,5.0,37.0,321.0,87.0,22.0
2022-05-15,24.0,54.0,3.0,33.0,388.0,92.0,21.0
2022-05-16,48.0,107.0,10.0,57.0,725.0,104.0,22.0
2022-05-17,131.0,193.0,14.0,49.0,1158.0,122.0,23.0
2022-05-18,61.0,101.0,2.0,42.0,538.0,75.0,23.0
2022-05-19,14.0,61.0,2.0,17.0,158.0,86.0,23.0
2022-05-20,30.0,47.0,3.0,24.0,225.0,95.0,24.0
2022-05-21,42.0,97.0,8.0,55.0,492.0,91.0,23.0
2022-05-22,62.0,106.0,14.0,63.0,838.0,117.0,23.0
2022-05-23,103.0,164.0,20.0,78.0,1067.0,143.0,24.0
2022-05-24,123.0,186.0,16.0,76.0,1304.0,139.0,26.0
2022-05-25,100.0,188.0,21.0,56.0,1146.0,164.0,28.0
2022-05-26,83.0,167.0,16.0,42.0,862.0,172.0,28.0
2022-05-27,99.0,155.0,9.0,38.0,862.0,178.0,27.0
2022-05-28,113.0,146.0,19.0,42.0,1104.0,165.0,26.0
2022-05-29,66.0,112.0,5.0,57.0,925.0,97.0,25.0
2022-05-30,62.0,108.0,7.0,49.0,808.0,115.0,24.0
2022-05-31,57.0,114.0,14.0,54.0,879.0,129.0,26.0
2022-06-01,102.0,191.0,7.0,65.0,1096.0,143.0,28.0
2022-06-02,33.0,54.0,4.0,30.0,592.0,88.0,27.0
2022-06-03,38.0,110.0,7.0,42.0,488.0,99.0,25.0
2022-06-04,51.0,92.0,5.0,58.0,2965.0,73.0,21.0
2022-06-05,46.0,75.0,4.0,52.0,3183.0,103.0,23.0
2022-06-06,25.0,47.0,3.0,33.0,2725.0,104.0,23.0
2022-06-07,12.0,32.0,3.0,38.0,2400.0,64.0,21.0
2022-06-08,16.0,47.0,4.0,42.0,408.0,75.0,23.0
2022-06-09,60.0,96.0,16.0,62.0,1154.0,105.0,24.0
2022-06-10,54.0,75.0,8.0,46.0,1117.0,85.0,21.0
2022-06-11,7.0,32.0,7.0,36.0,492.0,70.0,23.0
2022-06-12,4.0,20.0,9.0,28.0,252.0,85.0,25.0
2022-06-13,10.0,29.0,8.0,27.0,429.0,90.0,23.0
2022-06-14,20.0,39.0,8.0,41.0,433.0,96.0,25.0
2022-06-15,99.0,136.0,20.0,54.0,1475.0,153.0,27.0
2022-06-16,112.0,152.0,14.0,67.0,1167.0,146.0,27.0
2022-06-17,44.0,60.0,2.0,52.0,717.0,122.0,26.0
2022-06-18,22.0,30.0,2.0,38.0,342.0,78.0,27.0
2022-06-19,18.0,42.0,2.0,40.0,446.0,56.0,21.0
2022-06-20,22.0,37.0,2.0,41.0,433.0,104.0,25.0
2022-06-21,46.0,83.0,4.0,49.0,454.0,138.0,27.0
2022-06-22,94.0,128.0,18.0,47.0,983.0,153.0,26.0
2022-06-23,198.0,215.0,17.0,48.0,1625.0,162.0,27.0
2022-06-24,118.0,131.0,11.0,55.0,927.0,83.0,25.0
2022-06-25,122.0,140.0,7.0,75.0,892.0,64.0,24.0
2022-06-26,103.0,103.0,2.0,28.0,712.0,158.0,24.0
2022-06-27,91.0,93.0,4.0,39.0,617.0,111.0,25.0
2022-06-28,154.0,154.0,10.0,39.0,958.0,130.0,27.0
2022-06-29,126.0,127.0,7.0,56.0,1354.0,56.0,22.0
2022-06-30,13.0,22.0,2.0,36.0,562.0,66.0,22.0
2022-07-01,19.0,43.0,3.0,45.0,571.0,54.0,25.0
2022-07-02,8.0,18.0,4.0,36.0,308.0,63.0,27.0
2022-07-03,27.0,72.0,13.0,44.0,1021.0,104.0,25.0
2022-07-04,32.0,64.0,8.0,59.0,708.0,67.0,22.0
2022-07-05,66.0,78.0,14.0,47.0,1038.0,137.0,24.0
2022-07-06,71.0,85.0,12.0,47.0,1108.0,147.0,25.0
2022-07-07,70.0,92.0,8.0,46.0,833.0,143.0,27.0
2022-07-08,128.0,145.0,9.0,51.0,1129.0,144.0,27.0
2022-07-09,76.0,92.0,10.0,58.0,783.0,131.0,28.0
2022-07-10,55.0,91.0,10.0,43.0,654.0,148.0,28.0
2022-07-11,114.0,134.0,14.0,54.0,1125.0,164.0,29.0
2022-07-12,116.0,170.0,8.0,73.0,1042.0,175.0,30.0
2022-07-13,51.0,81.0,5.0,65.0,633.0,191.0,32.0
2022-07-14,40.0,69.0,5.0,46.0,650.0,195.0,30.0
2022-07-15,38.0,69.0,4.0,72.0,729.0,104.0,28.0
2022-07-16,42.0,50.0,2.0,46.0,804.0,120.0,23.0
2022-07-17,38.0,46.0,3.0,51.0,862.0,82.0,23.0
2022-07-18,52.0,56.0,2.0,45.0,821.0,121.0,23.0
2022-07-19,77.0,79.0,2.0,50.0,950.0,108.0,23.0
2022-07-20,94.0,95.0,2.0,58.0,1021.0,89.0,25.0
2022-07-21,141.0,142.0,2.0,55.0,1229.0,108.0,26.0
2022-07-22,66.0,70.0,3.0,58.0,838.0,113.0,25.0
2022-07-23,45.0,51.0,2.0,67.0,817.0,89.0,25.0
2022-07-24,59.0,82.0,5.0,66.0,817.0,87.0,26.0
2022-07-25,92.0,116.0,7.0,56.0,892.0,122.0,28.0
2022-07-26,125.0,140.0,8.0,47.0,1046.0,150.0,30.0
2022-07-27,77.0,104.0,4.0,52.0,781.0,135.0,29.0
2022-07-28,55.0,60.0,2.0,43.0,688.0,123.0,26.0
2022-07-29,101.0,108.0,2.0,60.0,892.0,131.0,29.0
2022-07-30,50.0,54.0,2.0,45.0,875.0,98.0,24.0
2022-07-31,29.0,36.0,2.0,40.0,508.0,105.0,26.0
2022-08-01,95.0,98.0,3.0,83.0,1304.0,59.0,25.0
2022-08-02,72.0,61.0,2.0,53.0,962.0,92.0,26.0
2022-08-03,31.0,62.0,3.0,51.0,996.0,45.0,26.0
2022-08-04,19.0,55.0,4.0,46.0,296.0,92.0,27.0
2022-08-05,82.0,120.0,5.0,58.0,823.0,105.0,28.0
2022-08-06,60.0,87.0,3.0,49.0,779.0,111.0,26.0
2022-08-07,95.0,103.0,4.0,48.0,1296.0,89.0,25.0
2022-08-08,42.0,58.0,2.0,53.0,929.0,96.0,25.0
2022-08-09,55.0,83.0,3.0,59.0,1025.0,114.0,28.0
2022-08-10,45.0,77.0,3.0,56.0,962.0,101.0,29.0
2022-08-11,101.0,141.0,8.0,45.0,1646.0,142.0,29.0
2022-08-12,83.0,136.0,7.0,43.0,1212.0,145.0,30.0
2022-08-13,124.0,180.0,11.0,53.0,1558.0,151.0,29.0
2022-08-14,61.0,76.0,8.0,35.0,875.0,90.0,29.0
2022-08-15,26.0,55.0,6.0,50.0,596.0,83.0,29.0
2022-08-16,37.0,92.0,9.0,53.0,775.0,143.0,29.0
2022-08-17,78.0,168.0,11.0,46.0,1092.0,139.0,29.0
2022-08-18,46.0,86.0,4.0,46.0,804.0,108.0,26.0
2022-08-19,56.0,70.0,2.0,47.0,821.0,94.0,25.0
2022-08-20,33.0,48.0,2.0,29.0,638.0,115.0,26.0
2022-08-21,14.0,33.0,3.0,28.0,458.0,111.0,28.0
2022-08-22,18.0,36.0,4.0,28.0,742.0,75.0,27.0
2022-08-23,22.0,33.0,5.0,29.0,883.0,77.0,23.0
2022-08-24,13.0,22.0,2.0,27.0,562.0,68.0,25.0
2022-08-25,14.0,28.0,2.0,33.0,592.0,62.0,26.0
2022-08-26,12.0,22.0,2.0,34.0,525.0,67.0,26.0
2022-08-27,12.0,22.0,2.0,36.0,546.0,73.0,26.0
2022-08-28,15.0,32.0,2.0,33.0,562.0,79.0,26.0
2022-08-29,29.0,52.0,2.0,30.0,683.0,129.0,26.0
2022-08-30,30.0,36.0,2.0,33.0,1138.0,72.0,22.0
2022-08-31,29.0,31.0,2.0,28.0,879.0,68.0,21.0
2022-09-01,10.0,13.0,2.0,23.0,592.0,53.0,21.0
2022-09-02,10.0,16.0,2.0,25.0,454.0,55.0,25.0
2022-09-03,14.0,29.0,2.0,23.0,492.0,81.0,26.0
2022-09-04,53.0,59.0,3.0,33.0,1983.0,70.0,21.0
2022-09-05,20.0,20.0,2.0,29.0,733.0,82.0,18.0
2022-09-06,17.0,29.0,2.0,39.0,550.0,75.0,22.0
2022-09-07,24.0,46.0,2.0,50.0,667.0,77.0,23.0
2022-09-08,54.0,98.0,6.0,70.0,954.0,97.0,22.0
2022-09-09,39.0,60.0,2.0,66.0,808.0,51.0,22.0
2022-09-10,9.0,13.0,2.0,42.0,458.0,30.0,17.0
2022-09-11,9.0,16.0,3.0,41.0,417.0,46.0,17.0
2022-09-12,8.0,18.0,3.0,41.0,388.0,49.0,20.0
2022-09-13,25.0,63.0,4.0,60.0,650.0,53.0,22.0
2022-09-14,68.0,118.0,10.0,85.0,1029.0,74.0,21.0
2022-09-15,115.0,140.0,14.0,93.0,1429.0,101.0,20.0
2022-09-16,130.0,164.0,11.0,92.0,1435.0,98.0,20.0
2022-09-17,149.0,182.0,15.0,95.0,1719.0,99.0,21.0
2022-09-18,89.0,102.0,4.0,72.0,1150.0,72.0,23.0
2022-09-19,22.0,48.0,3.0,71.0,638.0,58.0,22.0
2022-09-20,83.0,117.0,10.0,68.0,1250.0,86.0,23.0
2022-09-21,103.0,153.0,19.0,97.0,1567.0,89.0,22.0
2022-09-22,146.0,152.0,16.0,79.0,1871.0,67.0,21.0
2022-09-23,31.0,45.0,2.0,53.0,783.0,64.0,21.0
2022-09-24,110.0,134.0,6.0,76.0,1467.0,56.0,20.0
2022-09-25,21.0,32.0,3.0,50.0,667.0,49.0,19.0
2022-09-26,31.0,69.0,7.0,58.0,725.0,69.0,19.0
2022-09-27,57.0,96.0,4.0,86.0,1112.0,51.0,21.0
2022-09-28,51.0,56.0,6.0,67.0,1579.0,41.0,17.0
2022-09-29,50.0,50.0,5.0,61.0,1338.0,11.0,15.0
2022-09-30,27.0,30.0,4.0,50.0,804.0,27.0,16.0
2022-10-01,13.0,25.0,4.0,30.0,412.0,52.0,17.0
2022-10-02,25.0,67.0,3.0,63.0,671.0,44.0,18.0
2022-10-03,27.0,71.0,4.0,64.0,725.0,49.0,19.0
2022-10-04,116.0,162.0,9.0,106.0,1592.0,49.0,17.0
2022-10-05,217.0,223.0,8.0,114.0,2262.0,79.0,18.0
2022-10-06,313.0,315.0,10.0,134.0,2558.0,95.0,19.0
2022-10-07,289.0,289.0,10.0,86.0,2358.0,57.0,20.0
2022-10-08,10.0,21.0,2.0,15.0,292.0,46.0,17.0
2022-10-09,20.0,49.0,2.0,29.0,425.0,40.0,13.0
2022-10-10,6.0,15.0,2.0,11.0,271.0,52.0,13.0
2022-10-11,8.0,20.0,2.0,20.0,375.0,70.0,18.0
2022-10-12,15.0,35.0,4.0,59.0,488.0,42.0,19.0
2022-10-13,37.0,76.0,7.0,95.0,1033.0,30.0,17.0
2022-10-14,107.0,149.0,18.0,127.0,2512.0,26.0,16.0
2022-10-15,121.0,144.0,10.0,128.0,1983.0,56.0,17.0
2022-10-16,214.0,226.0,16.0,156.0,2517.0,63.0,16.0
2022-10-17,315.0,315.0,18.0,171.0,3167.0,43.0,16.0
2022-10-18,71.0,85.0,8.0,68.0,1100.0,35.0,16.0
2022-10-19,60.0,105.0,7.0,70.0,1025.0,32.0,14.0
2022-10-20,80.0,107.0,11.0,86.0,1704.0,7.0,12.0
2022-10-21,47.0,49.0,4.0,52.0,1092.0,17.0,10.0
2022-10-22,31.0,34.0,2.0,61.0,971.0,14.0,10.0
2022-10-23,55.0,59.0,2.0,75.0,1183.0,18.0,13.0
2022-10-24,58.0,72.0,3.0,67.0,1329.0,27.0,14.0
2022-10-25,31.0,61.0,5.0,75.0,896.0,18.0,11.0
2022-10-26,33.0,50.0,2.0,36.0,571.0,42.0,11.0
2022-10-27,16.0,41.0,4.0,46.0,700.0,36.0,11.0
2022-10-28,7.0,13.0,5.0,32.0,400.0,51.0,11.0
2022-10-29,7.0,18.0,4.0,27.0,408.0,53.0,9.0
2022-10-30,22.0,52.0,6.0,61.0,650.0,23.0,7.0
2022-10-31,40.0,70.0,6.0,70.0,971.0,22.0,7.0
2022-11-01,72.0,101.0,8.0,93.0,1244.0,18.0,9.0
2022-11-02,90.0,127.0,9.0,104.0,1958.0,17.0,10.0
2022-11-03,157.0,188.0,17.0,117.0,2450.0,27.0,9.0
2022-11-04,209.0,240.0,15.0,150.0,2817.0,6.0,10.0
2022-11-05,121.0,121.0,13.0,75.0,1242.0,17.0,8.0
2022-11-06,20.0,20.0,6.0,36.0,658.0,35.0,2.0
2022-11-07,16.0,16.0,3.0,32.0,550.0,45.0,2.0
2022-11-08,55.0,56.0,5.0,58.0,975.0,28.0,4.0
2022-11-09,143.0,146.0,3.0,76.0,2254.0,5.0,4.0
2022-11-10,142.0,140.0,4.0,72.0,2229.0,4.0,5.0
2022-11-11,118.0,119.0,5.0,69.0,2371.0,6.0,6.0
2022-11-12,168.0,168.0,6.0,72.0,3229.0,4.0,6.0
2022-11-13,228.0,228.0,14.0,84.0,3896.0,5.0,7.0
2022-11-14,282.0,282.0,16.0,97.0,4450.0,8.0,8.0
2022-11-15,208.0,216.0,14.0,89.0,4188.0,19.0,9.0
2022-11-16,57.0,60.0,12.0,64.0,1671.0,11.0,7.0
2022-11-17,59.0,78.0,10.0,60.0,1596.0,12.0,5.0
2022-11-18,65.0,77.0,10.0,59.0,1304.0,8.0,4.0
2022-11-19,81.0,82.0,5.0,54.0,1854.0,3.0,3.0
2022-11-20,66.0,66.0,13.0,54.0,2888.0,4.0,1.0
2022-11-21,42.0,42.0,6.0,55.0,2481.0,4.0,0.0
2022-11-22,51.0,51.0,5.0,55.0,1292.0,17.0,-2.0
2022-11-23,29.0,29.0,12.0,37.0,829.0,42.0,-3.0
2022-11-24,27.0,29.0,6.0,55.0,1042.0,30.0,-6.0
2022-11-25,56.0,60.0,16.0,52.0,1362.0,31.0,-6.0
2022-11-26,30.0,38.0,15.0,39.0,931.0,46.0,-7.0
2022-11-27,195.0,203.0,20.0,120.0,3438.0,12.0,-5.0
2022-11-28,280.0,280.0,19.0,132.0,4758.0,10.0,-2.0
2022-11-29,252.0,258.0,16.0,136.0,6233.0,15.0,-0.0
2022-11-30,365.0,390.0,12.0,158.0,7114.0,10.0,-2.0
2022-12-01,495.0,502.0,29.0,174.0,9201.0,11.0,-0.0
2022-12-02,6.0,7.0,5.0,18.0,458.0,56.0,2.0
2022-12-03,9.0,12.0,14.0,17.0,462.0,50.0,-1.0
2022-12-04,25.0,34.0,7.0,44.0,1000.0,40.0,1.0
2022-12-05,50.0,70.0,15.0,78.0,1496.0,25.0,2.0
2022-12-06,138.0,163.0,32.0,106.0,3500.0,12.0,0.0
2022-12-07,185.0,201.0,38.0,112.0,4238.0,11.0,1.0
2022-12-08,268.0,270.0,3.0,109.0,5596.0,11.0,0.0
2022-12-09,255.0,255.0,33.0,116.0,4375.0,8.0,2.0
2022-12-10,116.0,116.0,20.0,72.0,2525.0,32.0,4.0
2022-12-11,43.0,50.0,17.0,74.0,1312.0,23.0,1.0
2022-12-12,104.0,121.0,28.0,96.0,2738.0,13.0,0.0
2022-12-13,165.0,186.0,42.0,113.0,4254.0,13.0,0.0
2022-12-14,141.0,142.0,13.0,83.0,3138.0,34.0,2.0
2022-12-15,6.0,12.0,6.0,16.0,400.0,61.0,1.0
2022-12-16,6.0,12.0,7.0,17.0,500.0,42.0,-2.0
2022-12-17,53.0,59.0,14.0,71.0,1481.0,19.0,-2.0
2022-12-18,71.0,86.0,21.0,86.0,2362.0,25.0,-1.0
2022-12-19,141.0,161.0,36.0,103.0,4017.0,16.0,-2.0
2022-12-20,197.0,200.0,40.0,125.0,4650.0,12.0,-2.0
2022-12-21,246.0,249.0,29.0,123.0,5462.0,12.0,-2.0
2022-12-22,323.0,330.0,44.0,124.0,6819.0,11.0,-2.0
2022-12-23,235.0,249.0,27.0,114.0,5633.0,18.0,-0.0
2022-12-24,78.0,84.0,18.0,74.0,1775.0,33.0,1.0
2022-12-25,512.0,546.0,16.0,173.0,9402.0,12.0,-3.0
2022-12-26,283.0,333.0,12.0,123.0,6350.0,9.0,-3.0
2022-12-27,44.0,50.0,19.0,66.0,1492.0,16.0,-5.0
2022-12-28,125.0,140.0,41.0,91.0,3412.0,8.0,-3.0
2022-12-29,287.0,320.0,57.0,122.0,5600.0,13.0,-2.0
2022-12-30,98.0,104.0,26.0,60.0,2250.0,37.0,1.0
2022-12-31,56.0,83.0,21.0,82.0,1854.0,17.0,-1.0
2023-01-01,165.0,195.0,46.0,123.0,3929.0,11.0,-2.0
2023-01-02,273.0,289.0,50.0,144.0,5612.0,14.0,-1.0
2023-01-03,263.0,269.0,22.0,106.0,4296.0,14.0,-1.0
2023-01-04,45.0,47.0,8.0,41.0,1158.0,47.0,-1.0
2023-01-05,31.0,42.0,8.0,47.0,1017.0,35.0,-3.0
2023-01-06,24.0,38.0,12.0,44.0,954.0,36.0,-3.0
2023-01-07,12.0,23.0,8.0,28.0,554.0,48.0,-3.0
2023-01-08,31.0,46.0,14.0,45.0,925.0,40.0,-3.0
2023-01-09,68.0,84.0,26.0,86.0,1846.0,16.0,-3.0
2023-01-10,44.0,59.0,19.0,67.0,1567.0,25.0,-3.0
2023-01-11,12.0,27.0,2.0,26.0,692.0,54.0,-6.0
2023-01-12,13.0,26.0,9.0,30.0,662.0,48.0,-6.0
2023-01-13,20.0,44.0,14.0,53.0,862.0,36.0,-3.0
2023-01-14,61.0,88.0,25.0,84.0,1729.0,27.0,-2.0
2023-01-15,89.0,122.0,35.0,99.0,2421.0,15.0,-2.0
2023-01-16,122.0,143.0,50.0,84.0,2867.0,10.0,-3.0
2023-01-17,43.0,51.0,8.0,35.0,1100.0,50.0,-6.0
2023-01-18,9.0,49.0,3.0,18.0,542.0,46.0,-9.0
2023-01-19,54.0,77.0,20.0,72.0,1596.0,17.0,-8.0
2023-01-20,126.0,150.0,68.0,93.0,4100.0,12.0,-7.0
2023-01-21,137.0,141.0,36.0,79.0,3350.0,11.0,-6.0
2023-01-22,18.0,31.0,5.0,20.0,800.0,58.0,-10.0
2023-01-23,10.0,41.0,2.0,13.0,635.0,57.0,-15.0
2023-01-24,12.0,55.0,7.0,25.0,812.0,52.0,-10.0
2023-01-25,20.0,39.0,21.0,17.0,967.0,48.0,-2.0
2023-01-26,32.0,58.0,16.0,9.0,990.0,49.0,-2.0
2023-01-27,97.0,110.0,39.0,38.0,2325.0,19.0,-4.0
2023-01-28,143.0,153.0,61.0,71.0,3417.0,22.0,-3.0
2023-01-29,61.0,94.0,43.0,57.0,2162.0,20.0,-5.0
2023-01-30,53.0,66.0,26.0,55.0,1600.0,26.0,-6.0
2023-01-31,11.0,24.0,8.0,21.0,550.0,58.0,-4.0
2023-02-01,14.0,26.0,11.0,29.0,683.0,53.0,-1.0
2023-02-02,25.0,31.0,17.0,47.0,933.0,45.0,-1.0
2023-02-03,34.0,41.0,23.0,56.0,1129.0,36.0,-1.0
2023-02-04,12.0,21.0,15.0,18.0,504.0,69.0,1.0
2023-02-05,12.0,36.0,8.0,14.0,442.0,71.0,-0.0
2023-02-06,18.0,29.0,9.0,27.0,675.0,58.0,0.0
2023-02-07,37.0,65.0,21.0,37.0,1062.0,53.0,1.0
2023-02-08,221.0,272.0,73.0,41.0,1271.0,48.0,5.0
2023-02-09,39.0,48.0,21.0,40.0,1054.0,53.0,4.0
2023-02-10,102.0,110.0,63.0,72.0,3100.0,24.0,2.0
2023-02-11,162.0,176.0,59.0,66.0,3933.0,18.0,4.0
2023-02-12,155.0,156.0,23.0,48.0,2558.0,30.0,5.0
2023-02-13,10.0,12.0,6.0,9.0,404.0,62.0,1.0
2023-02-14,6.0,14.0,2.0,7.0,358.0,68.0,-4.0
2023-02-15,7.0,56.0,8.0,10.0,325.0,68.0,-0.0
2023-02-16,6.0,43.0,20.0,14.0,292.0,71.0,4.0
2023-02-17,47.0,55.0,14.0,49.0,1121.0,39.0,4.0
2023-02-18,17.0,33.0,3.0,23.0,508.0,67.0,6.0
2023-02-19,16.0,29.0,3.0,24.0,517.0,60.0,3.0
2023-02-20,13.0,19.0,6.0,19.0,419.0,66.0,-0.0
2023-02-21,78.0,104.0,29.0,56.0,1542.0,30.0,-0.0
2023-02-22,81.0,96.0,19.0,43.0,1475.0,43.0,2.0
2023-02-23,13.0,20.0,7.0,16.0,404.0,67.0,-0.0
2023-02-24,26.0,45.0,12.0,36.0,842.0,47.0,-0.0
2023-02-25,23.0,46.0,9.0,36.0,742.0,47.0,3.0
2023-02-26,34.0,61.0,13.0,33.0,729.0,55.0,3.0
2023-02-27,21.0,30.0,9.0,27.0,579.0,57.0,4.0
2023-02-28,36.0,57.0,9.0,31.0,904.0,45.0,1.0
2023-03-01,125.0,139.0,35.0,76.0,2238.0,26.0,3.0
2023-03-02,170.0,183.0,43.0,96.0,2962.0,27.0,8.0
2023-03-03,303.0,312.0,59.0,101.0,4221.0,20.0,8.0
2023-03-04,349.0,362.0,66.0,100.0,5429.0,8.0,6.0
2023-03-05,70.0,351.0,4.0,18.0,421.0,66.0,9.0
2023-03-06,75.0,197.0,31.0,61.0,1562.0,21.0,5.0
2023-03-07,50.0,101.0,15.0,30.0,992.0,53.0,6.0
2023-03-08,15.0,25.0,4.0,12.0,308.0,69.0,2.0
2023-03-09,100.0,49.0,5.0,12.0,342.0,66.0,1.0
2023-03-10,47.0,57.0,6.0,16.0,388.0,70.0,3.0
2023-03-11,26.0,59.0,10.0,33.0,625.0,58.0,3.0
2023-03-12,113.0,155.0,48.0,69.0,2133.0,25.0,4.0
2023-03-13,28.0,51.0,11.0,27.0,654.0,71.0,7.0
2023-03-14,80.0,132.0,22.0,49.0,1244.0,45.0,8.0
2023-03-15,150.0,230.0,53.0,58.0,1471.0,32.0,9.0
2023-03-16,259.0,298.0,41.0,63.0,2540.0,58.0,9.0
2023-03-17,294.0,298.0,29.0,74.0,2533.0,49.0,11.0
2023-03-18,213.0,217.0,13.0,57.0,1779.0,59.0,14.0
2023-03-19,71.0,143.0,16.0,33.0,1158.0,65.0,11.0
2023-03-20,64.0,127.0,7.0,48.0,1071.0,48.0,12.0
2023-03-21,130.0,235.0,19.0,63.0,1365.0,57.0,12.0
2023-03-22,118.0,254.0,26.0,68.0,1725.0,33.0,12.0
2023-03-23,21.0,44.0,4.0,26.0,492.0,66.0,9.0
2023-03-24,14.0,29.0,3.0,33.0,400.0,60.0,9.0
2023-03-25,16.0,32.0,2.0,34.0,442.0,62.0,9.0
2023-03-26,11.0,29.0,10.0,26.0,400.0,70.0,14.0
2023-03-27,13.0,41.0,11.0,34.0,438.0,67.0,17.0
2023-03-28,77.0,230.0,22.0,62.0,854.0,40.0,16.0
2023-03-29,18.0,80.0,11.0,25.0,350.0,75.0,17.0
2023-03-30,27.0,75.0,15.0,37.0,525.0,64.0,16.0
2023-03-31,153.0,263.0,51.0,62.0,1579.0,59.0,16.0
2023-04-01,35.0,128.0,13.0,22.0,388.0,68.0,18.0
2023-04-02,7.0,23.0,10.0,15.0,200.0,76.0,15.0
2023-04-03,15.0,49.0,3.0,18.0,262.0,80.0,15.0
2023-04-04,69.0,120.0,10.0,37.0,588.0,73.0,15.0
2023-04-05,113.0,155.0,19.0,42.0,958.0,80.0,15.0
2023-04-06,146.0,173.0,36.0,53.0,2062.0,63.0,14.0
2023-04-07,88.0,140.0,3.0,39.0,1054.0,58.0,18.0
2023-04-08,24.0,93.0,5.0,29.0,296.0,76.0,18.0
2023-04-09,138.0,261.0,15.0,47.0,717.0,53.0,16.0
2023-04-10,126.0,213.0,18.0,40.0,817.0,67.0,13.0
2023-04-11,44.0,123.0,11.0,37.0,496.0,63.0,10.0
2023-04-12,77.0,100.0,8.0,48.0,567.0,39.0,12.0
2023-04-13,102.0,147.0,6.0,47.0,842.0,61.0,17.0
2023-04-14,25.0,102.0,3.0,24.0,333.0,92.0,18.0
2023-04-15,62.0,117.0,21.0,50.0,1133.0,50.0,16.0
2023-04-16,26.0,77.0,4.0,16.0,279.0,65.0,15.0
2023-04-17,12.0,35.0,2.0,10.0,238.0,90.0,16.0
2023-04-18,14.0,31.0,3.0,17.0,283.0,82.0,15.0
2023-04-19,70.0,96.0,19.0,49.0,1292.0,33.0,13.0
2023-04-20,68.0,93.0,8.0,33.0,738.0,76.0,18.0
2023-04-21,107.0,173.0,7.0,51.0,931.0,69.0,20.0
2023-04-22,37.0,98.0,2.0,19.0,233.0,93.0,20.0
2023-04-23,23.0,46.0,3.0,29.0,262.0,70.0,17.0
2023-04-24,86.0,128.0,22.0,41.0,875.0,76.0,17.0
2023-04-25,85.0,122.0,14.0,25.0,725.0,110.0,21.0
2023-04-26,70.0,101.0,29.0,37.0,1454.0,97.0,17.0
2023-04-27,88.0,93.0,12.0,49.0,1156.0,72.0,15.0
2023-04-28,91.0,106.0,7.0,44.0,983.0,91.0,18.0
2023-04-29,121.0,130.0,18.0,48.0,1354.0,97.0,18.0
2023-04-30,164.0,173.0,10.0,49.0,1371.0,124.0,22.0
2023-05-01,192.0,192.0,26.0,31.0,2175.0,151.0,23.0
2023-05-02,47.0,83.0,3.0,15.0,325.0,71.0,15.0
2023-05-03,20.0,56.0,2.0,28.0,321.0,64.0,19.0
2023-05-04,24.0,54.0,4.0,56.0,596.0,59.0,21.0
2023-05-05,49.0,89.0,15.0,41.0,946.0,81.0,20.0
2023-05-06,65.0,156.0,2.0,13.0,183.0,88.0,20.0
2023-05-07,20.0,36.0,3.0,27.0,250.0,84.0,22.0
2023-05-08,62.0,83.0,16.0,34.0,762.0,84.0,20.0
2023-05-09,40.0,54.0,5.0,27.0,533.0,58.0,18.0
2023-05-10,47.0,64.0,5.0,30.0,592.0,90.0,21.0
2023-05-11,148.0,152.0,14.0,24.0,1088.0,137.0,23.0
2023-05-12,36.0,53.0,3.0,22.0,438.0,70.0,18.0
2023-05-13,34.0,48.0,6.0,36.0,521.0,65.0,18.0
2023-05-14,40.0,47.0,3.0,26.0,533.0,71.0,14.0
2023-05-15,40.0,50.0,3.0,31.0,546.0,44.0,18.0
2023-05-16,26.0,46.0,4.0,40.0,492.0,65.0,23.0
2023-05-17,63.0,84.0,11.0,41.0,658.0,118.0,25.0
2023-05-18,57.0,71.0,9.0,22.0,579.0,142.0,25.0
2023-05-19,83.0,93.0,16.0,27.0,827.0,180.0,25.0
2023-05-20,89.0,94.0,23.0,37.0,1192.0,151.0,23.0
2023-05-21,73.0,76.0,20.0,40.0,854.0,132.0,23.0
2023-05-22,48.0,67.0,8.0,46.0,650.0,119.0,24.0
2023-05-23,59.0,69.0,17.0,34.0,904.0,103.0,21.0
2023-05-24,20.0,29.0,4.0,23.0,346.0,87.0,22.0
2023-05-25,11.0,23.0,4.0,19.0,279.0,100.0,23.0
2023-05-26,23.0,55.0,4.0,23.0,308.0,92.0,25.0
2023-05-27,45.0,88.0,14.0,37.0,592.0,108.0,24.0
2023-05-28,41.0,68.0,12.0,29.0,625.0,125.0,25.0
2023-05-29,33.0,64.0,7.0,29.0,458.0,109.0,25.0
2023-05-30,77.0,122.0,20.0,38.0,1108.0,151.0,26.0
2023-05-31,43.0,94.0,11.0,29.0,783.0,84.0,25.0
2023-06-01,29.0,54.0,6.0,35.0,617.0,96.0,24.0
2023-06-02,45.0,72.0,10.0,39.0,733.0,125.0,26.0
2023-06-03,81.0,105.0,25.0,47.0,1329.0,130.0,25.0
2023-06-04,81.0,95.0,17.0,24.0,896.0,167.0,27.0
2023-06-05,70.0,84.0,15.0,28.0,896.0,135.0,25.0
2023-06-06,88.0,110.0,8.0,26.0,888.0,142.0,24.0
2023-06-07,58.0,71.0,2.0,19.0,833.0,120.0,22.0
2023-06-08,123.0,123.0,3.0,25.0,1188.0,144.0,25.0
2023-06-09,109.0,124.0,8.0,27.0,1038.0,141.0,27.0
2023-06-10,52.0,53.0,3.0,16.0,567.0,135.0,24.0
2023-06-11,10.0,22.0,2.0,22.0,296.0,81.0,26.0
2023-06-12,69.0,84.0,6.0,27.0,965.0,132.0,25.0
2023-06-13,41.0,44.0,2.0,22.0,583.0,99.0,20.0
2023-06-14,37.0,39.0,2.0,21.0,583.0,78.0,19.0
2023-06-15,18.0,28.0,3.0,28.0,438.0,93.0,24.0
2023-06-16,23.0,41.0,2.0,38.0,492.0,80.0,27.0
2023-06-17,13.0,44.0,2.0,41.0,571.0,53.0,26.0
2023-06-18,28.0,66.0,4.0,35.0,600.0,109.0,27.0
2023-06-19,63.0,88.0,4.0,28.0,779.0,155.0,30.0
2023-06-20,87.0,93.0,6.0,23.0,1117.0,186.0,29.0
2023-06-21,91.0,99.0,3.0,24.0,921.0,157.0,28.0
2023-06-22,52.0,66.0,3.0,24.0,675.0,147.0,28.0
2023-06-23,80.0,102.0,6.0,30.0,1029.0,114.0,27.0
2023-06-24,16.0,22.0,2.0,27.0,375.0,64.0,28.0
2023-06-25,16.0,28.0,2.0,26.0,300.0,80.0,31.0
2023-06-26,40.0,65.0,5.0,35.0,454.0,115.0,30.0
2023-06-27,58.0,82.0,7.0,30.0,662.0,127.0,27.0
2023-06-28,74.0,74.0,2.0,24.0,729.0,85.0,21.0
2023-06-29,113.0,114.0,2.0,26.0,888.0,97.0,24.0
2023-06-30,55.0,61.0,2.0,26.0,617.0,120.0,27.0
2023-07-01,14.0,23.0,2.0,22.0,342.0,94.0,28.0
2023-07-02,52.0,65.0,3.0,30.0,654.0,113.0,28.0
2023-07-03,82.0,99.0,8.0,37.0,954.0,129.0,29.0
2023-07-04,137.0,138.0,5.0,25.0,1196.0,135.0,28.0
2023-07-05,96.0,99.0,4.0,24.0,942.0,146.0,28.0
2023-07-06,69.0,80.0,5.0,32.0,875.0,152.0,29.0
2023-07-07,109.0,116.0,8.0,30.0,1233.0,162.0,29.0
2023-07-08,91.0,98.0,6.0,36.0,1162.0,119.0,28.0
2023-07-09,79.0,83.0,4.0,34.0,729.0,114.0,30.0
2023-07-10,89.0,92.0,6.0,32.0,692.0,126.0,32.0
2023-07-11,88.0,93.0,8.0,27.0,588.0,132.0,32.0
2023-07-12,26.0,37.0,4.0,29.0,475.0,78.0,28.0
2023-07-13,23.0,28.0,2.0,37.0,383.0,103.0,30.0
2023-07-14,40.0,63.0,5.0,48.0,817.0,94.0,29.0
2023-07-15,43.0,43.0,2.0,29.0,675.0,72.0,22.0
2023-07-16,42.0,45.0,2.0,43.0,700.0,58.0,24.0
2023-07-17,81.0,87.0,3.0,45.0,954.0,122.0,27.0
2023-07-18,103.0,103.0,3.0,57.0,1125.0,94.0,26.0
2023-07-19,98.0,98.0,2.0,47.0,1112.0,42.0,24.0
2023-07-20,41.0,41.0,2.0,22.0,658.0,55.0,22.0
2023-07-21,26.0,28.0,2.0,21.0,721.0,43.0,24.0
2023-07-22,84.0,84.0,2.0,21.0,971.0,84.0,28.0
2023-07-23,136.0,136.0,2.0,28.0,1104.0,109.0,29.0
2023-07-24,70.0,72.0,2.0,28.0,812.0,103.0,29.0
2023-07-25,47.0,72.0,2.0,21.0,788.0,96.0,28.0
2023-07-26,28.0,38.0,2.0,17.0,375.0,146.0,29.0
2023-07-27,47.0,57.0,2.0,49.0,746.0,121.0,29.0
2023-07-28,49.0,53.0,2.0,47.0,729.0,114.0,28.0
2023-07-29,117.0,117.0,2.0,59.0,1250.0,130.0,29.0
2023-07-30,147.0,147.0,2.0,51.0,1519.0,77.0,28.0
2023-07-31,52.0,52.0,2.0,52.0,1000.0,75.0,26.0
2023-08-01,64.0,64.0,2.0,43.0,1125.0,102.0,28.0
2023-08-02,54.0,54.0,2.0,41.0,956.0,97.0,30.0
2023-08-03,54.0,54.0,2.0,36.0,800.0,139.0,31.0
2023-08-04,108.0,108.0,2.0,37.0,1383.0,155.0,31.0
2023-08-05,63.0,63.0,2.0,27.0,788.0,115.0,30.0
2023-08-06,105.0,105.0,3.0,39.0,904.0,111.0,30.0
2023-08-07,19.0,19.0,2.0,23.0,638.0,100.0,28.0
2023-08-08,34.0,34.0,2.0,32.0,742.0,100.0,29.0
2023-08-09,44.0,44.0,4.0,46.0,1079.0,117.0,28.0
2023-08-10,77.0,77.0,2.0,23.0,790.0,121.0,30.0
2023-08-11,83.0,83.0,3.0,25.0,842.0,119.0,32.0
2023-08-12,59.0,59.0,2.0,35.0,808.0,63.0,29.0
2023-08-13,23.0,23.0,3.0,47.0,675.0,27.0,28.0
2023-08-14,20.0,20.0,2.0,43.0,517.0,94.0,29.0
2023-08-15,22.0,22.0,2.0,36.0,571.0,70.0,26.0
2023-08-16,24.0,24.0,2.0,35.0,496.0,86.0,26.0
2023-08-17,64.0,64.0,2.0,66.0,900.0,35.0,25.0
2023-08-18,82.0,82.0,2.0,50.0,1583.0,30.0,23.0
2023-08-19,20.0,20.0,2.0,32.0,846.0,74.0,28.0
2023-08-20,56.0,56.0,2.0,38.0,1021.0,126.0,28.0
2023-08-21,51.0,51.0,2.0,43.0,779.0,145.0,29.0
2023-08-22,44.0,44.0,6.0,28.0,821.0,125.0,29.0
2023-08-23,66.0,66.0,8.0,36.0,717.0,101.0,28.0
2023-08-24,78.0,81.0,3.0,52.0,925.0,93.0,28.0
2023-08-25,19.0,26.0,2.0,32.0,333.0,58.0,27.0
2023-08-26,10.0,20.0,2.0,41.0,225.0,52.0,25.0
2023-08-27,14.0,30.0,3.0,48.0,342.0,40.0,25.0
2023-08-28,11.0,22.0,3.0,40.0,188.0,59.0,26.0
2023-08-29,18.0,35.0,2.0,47.0,288.0,65.0,26.0
2023-08-30,31.0,53.0,2.0,54.0,638.0,111.0,26.0
2023-08-31,17.0,26.0,3.0,46.0,667.0,57.0,27.0
2023-09-01,6.0,24.0,2.0,29.0,279.0,49.0,25.0
2023-09-02,12.0,26.0,2.0,25.0,404.0,28.0,24.0
2023-09-03,18.0,30.0,3.0,30.0,358.0,71.0,26.0
2023-09-04,80.0,92.0,4.0,51.0,988.0,94.0,26.0
2023-09-05,27.0,36.0,2.0,28.0,408.0,90.0,26.0
2023-09-06,22.0,28.0,2.0,41.0,412.0,43.0,26.0
2023-09-07,43.0,68.0,3.0,44.0,605.0,84.0,25.0
2023-09-08,21.0,37.0,2.0,49.0,479.0,53.0,24.0
2023-09-09,20.0,43.0,4.0,54.0,408.0,36.0,25.0
2023-09-10,15.0,38.0,2.0,46.0,321.0,53.0,25.0
2023-09-11,37.0,54.0,2.0,35.0,704.0,90.0,22.0
2023-09-12,30.0,43.0,2.0,35.0,583.0,82.0,23.0
2023-09-13,91.0,98.0,2.0,56.0,946.0,71.0,23.0
2023-09-14,102.0,110.0,3.0,54.0,1000.0,86.0,25.0
2023-09-15,73.0,90.0,3.0,51.0,758.0,96.0,25.0
2023-09-16,137.0,141.0,4.0,47.0,1042.0,107.0,25.0
2023-09-17,44.0,54.0,2.0,45.0,600.0,38.0,22.0
2023-09-18,21.0,24.0,2.0,36.0,392.0,22.0,19.0
2023-09-19,11.0,19.0,2.0,39.0,296.0,34.0,19.0
2023-09-20,18.0,37.0,2.0,50.0,425.0,45.0,20.0
2023-09-21,67.0,99.0,7.0,87.0,896.0,22.0,19.0
2023-09-22,107.0,112.0,9.0,69.0,983.0,60.0,20.0
2023-09-23,134.0,135.0,2.0,55.0,1133.0,110.0,22.0
2023-09-24,122.0,129.0,3.0,69.0,1000.0,94.0,22.0
2023-09-25,166.0,168.0,2.0,57.0,1329.0,79.0,23.0
2023-09-26,57.0,58.0,2.0,50.0,1004.0,53.0,20.0
2023-09-27,25.0,33.0,2.0,31.0,538.0,42.0,18.0
2023-09-28,16.0,31.0,2.0,47.0,458.0,24.0,15.0
2023-09-29,54.0,78.0,5.0,61.0,702.0,39.0,15.0
2023-09-30,101.0,121.0,6.0,85.0,988.0,65.0,18.0
2023-10-01,164.0,176.0,8.0,102.0,1350.0,60.0,19.0
2023-10-02,190.0,191.0,3.0,80.0,1304.0,76.0,20.0
2023-10-03,120.0,132.0,2.0,70.0,1092.0,60.0,22.0
2023-10-04,35.0,48.0,2.0,40.0,917.0,23.0,17.0
2023-10-05,56.0,62.0,2.0,46.0,1175.0,26.0,17.0
2023-10-06,71.0,76.0,2.0,55.0,1662.0,6.0,15.0
2023-10-07,41.0,41.0,2.0,48.0,1621.0,12.0,13.0
2023-10-08,11.0,19.0,2.0,28.0,338.0,49.0,13.0
2023-10-09,30.0,58.0,4.0,57.0,675.0,16.0,10.0
2023-10-10,89.0,117.0,9.0,85.0,1192.0,15.0,12.0
2023-10-11,116.0,120.0,5.0,72.0,1371.0,28.0,14.0
2023-10-12,76.0,87.0,3.0,66.0,1108.0,29.0,15.0
2023-10-13,161.0,169.0,3.0,91.0,1571.0,33.0,15.0
2023-10-14,240.0,244.0,3.0,121.0,1912.0,30.0,16.0
2023-10-15,198.0,200.0,3.0,109.0,2040.0,2.0,14.0
2023-10-16,113.0,113.0,2.0,67.0,1004.0,29.0,16.0
2023-10-17,70.0,84.0,2.0,59.0,879.0,29.0,16.0
2023-10-18,115.0,147.0,3.0,77.0,1917.0,7.0,16.0
2023-10-19,230.0,230.0,3.0,97.0,2317.0,14.0,17.0
2023-10-20,94.0,110.0,4.0,68.0,1400.0,13.0,14.0
2023-10-21,46.0,47.0,2.0,51.0,758.0,14.0,11.0
2023-10-22,16.0,20.0,2.0,33.0,500.0,16.0,12.0
2023-10-23,27.0,43.0,2.0,41.0,562.0,18.0,11.0
2023-10-24,69.0,126.0,2.0,72.0,1171.0,2.0,10.0
2023-10-25,102.0,128.0,2.0,83.0,1404.0,4.0,11.0
2023-10-26,48.0,80.0,5.0,57.0,817.0,19.0,13.0
2023-10-27,33.0,52.0,4.0,56.0,1117.0,5.0,9.0
2023-10-28,10.0,20.0,2.0,31.0,346.0,34.0,10.0
2023-10-29,21.0,47.0,3.0,53.0,446.0,18.0,7.0
2023-10-30,48.0,79.0,3.0,50.0,808.0,23.0,6.0
2023-10-31,7.0,18.0,5.0,19.0,221.0,48.0,3.0
2023-11-01,39.0,61.0,11.0,60.0,638.0,20.0,3.0
2023-11-02,103.0,139.0,9.0,87.0,1462.0,9.0,5.0
2023-11-03,197.0,230.0,7.0,119.0,2875.0,5.0,6.0
2023-11-04,246.0,275.0,4.0,129.0,3942.0,5.0,6.0
2023-11-05,176.0,178.0,3.0,100.0,3533.0,20.0,9.0
2023-11-06,67.0,74.0,7.0,55.0,1567.0,28.0,8.0
2023-11-07,44.0,50.0,2.0,49.0,1221.0,23.0,8.0
2023-11-08,36.0,55.0,7.0,61.0,944.0,17.0,5.0
2023-11-09,161.0,181.0,14.0,96.0,2612.0,4.0,3.0
2023-11-10,148.0,165.0,6.0,78.0,1762.0,11.0,7.0
2023-11-11,75.0,110.0,7.0,77.0,1465.0,6.0,5.0
2023-11-12,73.0,116.0,8.0,73.0,1400.0,11.0,7.0
2023-11-13,97.0,147.0,6.0,76.0,2283.0,2.0,8.0
2023-11-14,44.0,72.0,3.0,42.0,992.0,40.0,9.0
2023-11-15,41.0,49.0,11.0,71.0,1342.0,12.0,4.0
2023-11-16,107.0,119.0,12.0,92.0,2592.0,9.0,5.0
2023-11-17,114.0,150.0,14.0,77.0,2692.0,3.0,6.0
2023-11-18,193.0,262.0,11.0,89.0,3883.0,2.0,7.0
2023-11-19,128.0,153.0,6.0,68.0,1946.0,22.0,10.0
2023-11-20,52.0,58.0,2.0,43.0,1154.0,9.0,4.0
2023-11-21,10.0,20.0,4.0,15.0,421.0,60.0,-1.0
2023-11-22,8.0,20.0,5.0,18.0,358.0,54.0,-3.0
2023-11-23,16.0,26.0,8.0,32.0,533.0,39.0,-1.0
2023-11-24,71.0,88.0,16.0,76.0,1421.0,12.0,-0.0
2023-11-25,166.0,191.0,24.0,108.0,2862.0,4.0,1.0
2023-11-26,278.0,365.0,18.0,132.0,4029.0,7.0,2.0
2023-11-27,60.0,76.0,8.0,59.0,1154.0,31.0,3.0
2023-11-28,59.0,87.0,18.0,89.0,1904.0,5.0,1.0
2023-11-29,110.0,147.0,29.0,93.0,2946.0,3.0,1.0
2023-11-30,94.0,122.0,13.0,74.0,2333.0,25.0,5.0
2023-12-01,30.0,44.0,8.0,48.0,650.0,42.0,5.0
2023-12-02,87.0,100.0,17.0,88.0,1804.0,10.0,3.0
2023-12-03,207.0,227.0,23.0,120.0,3417.0,6.0,2.0
2023-12-04,310.0,322.0,14.0,128.0,4367.0,8.0,3.0
2023-12-05,38.0,49.0,6.0,46.0,892.0,33.0,3.0
2023-12-06,88.0,123.0,21.0,108.0,2542.0,5.0,0.0
2023-12-07,140.0,167.0,30.0,116.0,2871.0,5.0,3.0
2023-12-08,95.0,115.0,9.0,58.0,1900.0,38.0,4.0
2023-12-09,22.0,36.0,7.0,41.0,667.0,37.0,2.0
2023-12-10,44.0,61.0,15.0,68.0,1433.0,11.0,-1.0
2023-12-11,177.0,206.0,35.0,115.0,3938.0,4.0,-1.0
2023-12-12,212.0,214.0,39.0,106.0,2733.0,7.0,2.0
2023-12-13,48.0,59.0,8.0,54.0,1108.0,28.0,1.0
2023-12-14,25.0,35.0,11.0,47.0,688.0,34.0,-1.0
2023-12-15,28.0,53.0,13.0,48.0,938.0,34.0,0.0
2023-12-16,85.0,106.0,20.0,98.0,1958.0,9.0,-0.0
2023-12-17,212.0,223.0,36.0,120.0,3675.0,6.0,-0.0
2023-12-18,228.0,232.0,31.0,117.0,4129.0,6.0,0.0
2023-12-19,230.0,230.0,30.0,129.0,4688.0,5.0,0.0
2023-12-20,336.0,337.0,6.0,132.0,7450.0,5.0,-1.0
2023-12-21,371.0,371.0,9.0,154.0,7488.0,5.0,1.0
2023-12-22,68.0,68.0,8.0,35.0,1308.0,48.0,3.0
2023-12-23,30.0,33.0,7.0,51.0,708.0,27.0,-1.0
2023-12-24,130.0,148.0,30.0,100.0,2996.0,5.0,-1.0
2023-12-25,159.0,165.0,36.0,110.0,3179.0,3.0,-1.0
2023-12-26,51.0,52.0,21.0,51.0,1092.0,28.0,1.0
2023-12-27,33.0,49.0,12.0,42.0,888.0,34.0,-1.0
2023-12-28,64.0,75.0,8.0,44.0,938.0,32.0,-1.0
2023-12-29,55.0,71.0,12.0,56.0,858.0,27.0,-1.0
2023-12-30,201.0,220.0,21.0,105.0,3200.0,7.0,-3.0
2023-12-31,301.0,319.0,19.0,140.0,4446.0,6.0,-3.0
2024-01-01,464.0,479.0,9.0,151.0,6792.0,5.0,-3.0
2024-01-02,174.0,194.0,14.0,94.0,3083.0,30.0,1.0
2024-01-03,292.0,299.0,20.0,148.0,5721.0,12.0,-0.0
2024-01-04,368.0,381.0,20.0,171.0,7512.0,9.0,-1.0
2024-01-05,219.0,228.0,12.0,120.0,5958.0,5.0,1.0
2024-01-06,197.0,197.0,23.0,116.0,3904.0,5.0,1.0
2024-01-07,155.0,155.0,19.0,85.0,2629.0,6.0,2.0
2024-01-08,22.0,22.0,11.0,32.0,462.0,50.0,4.0
2024-01-09,34.0,38.0,5.0,42.0,650.0,44.0,1.0
2024-01-10,25.0,33.0,6.0,42.0,629.0,43.0,1.0
2024-01-11,49.0,62.0,25.0,87.0,1633.0,18.0,-0.0
2024-01-12,46.0,63.0,20.0,69.0,896.0,44.0,1.0
2024-01-13,14.0,27.0,15.0,28.0,350.0,73.0,0.0
2024-01-14,22.0,38.0,16.0,54.0,729.0,42.0,-2.0
2024-01-15,48.0,61.0,11.0,56.0,888.0,38.0,-3.0
2024-01-16,99.0,103.0,20.0,81.0,1725.0,23.0,-2.0
2024-01-17,148.0,152.0,28.0,87.0,2021.0,29.0,-1.0
2024-01-18,40.0,52.0,10.0,57.0,486.0,30.0,-2.0
2024-01-19,48.0,86.0,14.0,44.0,1288.0,51.0,-3.0
2024-01-20,22.0,30.0,9.0,35.0,542.0,59.0,-5.0
2024-01-21,27.0,48.0,13.0,36.0,867.0,58.0,-4.0
2024-01-22,24.0,33.0,11.0,50.0,742.0,40.0,-5.0
2024-01-23,32.0,39.0,14.0,48.0,912.0,43.0,-5.0
2024-01-24,87.0,94.0,35.0,88.0,2121.0,38.0,-4.0
2024-01-25,180.0,180.0,42.0,112.0,3127.0,41.0,-3.0
2024-01-26,168.0,177.0,28.0,74.0,2758.0,62.0,1.0
2024-01-27,58.0,76.0,23.0,30.0,629.0,78.0,-0.0
2024-01-28,379.0,435.0,98.0,84.0,2233.0,64.0,-1.0
2024-01-29,41.0,75.0,15.0,18.0,746.0,75.0,-2.0
2024-01-30,25.0,30.0,14.0,19.0,488.0,79.0,-2.0
2024-01-31,73.0,78.0,32.0,54.0,1342.0,66.0,1.0
2024-02-01,29.0,48.0,14.0,26.0,602.0,78.0,0.0
2024-02-02,85.0,92.0,39.0,74.0,1596.0,71.0,-2.0
2024-02-03,161.0,167.0,54.0,98.0,2567.0,58.0,-1.0
2024-02-04,260.0,263.0,63.0,115.0,3642.0,66.0,4.0
2024-02-05,12.0,14.0,9.0,22.0,400.0,79.0,5.0
2024-02-06,11.0,20.0,9.0,29.0,392.0,74.0,2.0
2024-02-07,77.0,88.0,23.0,74.0,1362.0,48.0,0.0
2024-02-08,38.0,52.0,8.0,32.0,846.0,70.0,-0.0
2024-02-09,7.0,17.0,4.0,11.0,256.0,99.0,-1.0
2024-02-10,7.0,22.0,5.0,15.0,308.0,91.0,0.0
2024-02-11,42.0,62.0,22.0,59.0,800.0,52.0,2.0
2024-02-12,104.0,129.0,51.0,94.0,2250.0,25.0,2.0
2024-02-13,93.0,113.0,32.0,85.0,2433.0,36.0,4.0
2024-02-14,183.0,186.0,31.0,121.0,2583.0,11.0,-0.0
2024-02-15,228.0,228.0,45.0,125.0,3308.0,20.0,2.0
2024-02-16,122.0,137.0,26.0,71.0,1683.0,54.0,5.0
2024-02-17,20.0,38.0,9.0,29.0,442.0,53.0,2.0
2024-02-18,82.0,110.0,29.0,74.0,1275.0,20.0,3.0
2024-02-19,109.0,141.0,28.0,68.0,1288.0,38.0,5.0
2024-02-20,10.0,30.0,5.0,25.0,365.0,65.0,1.0
2024-02-21,59.0,69.0,16.0,62.0,1017.0,26.0,-1.0
2024-02-22,80.0,81.0,6.0,48.0,981.0,44.0,1.0
2024-02-23,17.0,24.0,7.0,37.0,504.0,75.0,4.0
2024-02-24,22.0,33.0,17.0,59.0,575.0,51.0,5.0
2024-02-25,11.0,20.0,7.0,43.0,421.0,66.0,7.0
2024-02-26,28.0,41.0,10.0,65.0,721.0,49.0,7.0
2024-02-27,75.0,97.0,21.0,98.0,1427.0,37.0,8.0
2024-02-28,13.0,23.0,9.0,38.0,421.0,82.0,11.0
